Symbol,Security Name,Market Category,Test Issue,Financial Status,Round Lot Size,Price
AAME,Atlantic American Corporation - Common Stock,G,N,N,100,4.83
AAPC,Atlantic Alliance Partnership Corp. - Ordinary Shares,S,N,N,100,7.15
AAPL,Apple Inc. - Common Stock,Q,N,N,100,0.75
AAWW,Atlas Air Worldwide Holdings - Common Stock,Q,N,N,100,3.17
AAXJ,iShares MSCI All Country Asia ex Japan Index Fund,G,N,N,100,4.51
ABCB,Ameris Bancorp - Common Stock,Q,N,N,100,2.98
ABCO,The Advisory Board Company - Common Stock,Q,N,N,100,9.96
ABCW,Anchor BanCorp Wisconsin Inc. - Common Stock,Q,N,N,100,6.11
ABDC,Alcentra Capital Corp. - Common Stock,Q,N,N,100,5.98
ABEO,Abeona Therapeutics Inc. - Common Stock,S,N,N,100,2.46
ABEOW,Abeona Therapeutics Inc. - Warrant,S,N,N,100,0.06
ABTL,Autobytel Inc. - Common Stock,S,N,N,100,1.68
ABUS,Arbutus Biopharma Corporation - Common Stock,S,N,N,100,2.36
ABY,Abengoa Yield plc - Ordinary Shares,Q,N,N,100,9.78
ACAD,ACADIA Pharmaceuticals Inc. - Common Stock,Q,N,N,100,9.91
ACAT,Arctic Cat Inc. - Common Stock,Q,N,N,100,6.1
ACET,Aceto Corporation - Common Stock,Q,N,N,100,2.36
ACFC,Atlantic Coast Financial Corporation - Common Stock,G,N,N,100,3.75
ACGL,Arch Capital Group Ltd. - Common Stock,Q,N,N,100,7.31
ACNB,ACNB Corporation - Common Stock,S,N,N,100,5.16
ACTA,Actua Corporation - Common Stock,Q,N,N,100,6.68
ACTG,Acacia Research Corporation - Common Stock,Q,N,N,100,0.72
ACTX,Global X Guru Activist ETF,G,N,N,100,1.48
ACWI,iShares MSCI ACWI Index Fund,G,N,N,100,3.84
ACWX,iShares MSCI ACWI ex US Index Fund,G,N,N,100,8.04
ACXM,Acxiom Corporation - Common Stock,Q,N,N,100,1.25
ADAP,Adaptimmune Therapeutics plc - American Depositary Shares,Q,N,N,100,8.75
ADAT,Authentidate Holding Corp. - Common Stock,S,N,D,100,2.68
ADBE,Adobe Systems Incorporated - Common Stock,Q,N,N,100,2.43
ADHD,Alcobra Ltd. - Ordinary Shares,G,N,N,100,0.01
ADMA,ADMA Biologics Inc - Common Stock,S,N,N,100,9.03
ADMP,Adamis Pharmaceuticals Corporation - Common Stock,S,N,N,100,1.89
ADRA,BLDRS Asia 50 ADR Index Fund,G,N,N,100,9.64
ADRD,BLDRS Developed Markets 100 ADR Index Fund,G,N,N,100,4.88
ADRE,BLDRS Emerging Markets 50 ADR Index Fund,G,N,N,100,6.11
ADRU,BLDRS Europe 100 ADR Index Fund,G,N,N,100,1.69
ADUS,Addus HomeCare Corporation - Common Stock,Q,N,N,100,2.2
AEGN,Aegion Corp - Class A Common Stock,Q,N,N,100,2.18
AEHR,Aehr Test Systems - Common Stock,S,N,N,100,4.1
AEPI,AEP Industries Inc. - Common Stock,Q,N,N,100,5.06
AEZS,AEterna Zentaris Inc. - Common Stock,S,N,D,100,4.89
AFAM,Almost Family Inc - Common Stock,Q,N,N,100,7.83
AFCB,Athens Bancshares Corporation - Common Stock,S,N,N,100,2.29
AFMD,Affimed N.V. - Common Stock,G,N,N,100,5.68
AGEN,Agenus Inc. - Common Stock,S,N,N,100,3.45
AGNC,American Capital Agency Corp. - Common Stock,Q,N,N,100,8.67
AGNCB,American Capital Agency Corp. - Depositary Shares representing 1/1000th Series B Preferred Stock,Q,N,N,100,1.28
AGNCP,American Capital Agency Corp. - Cumulative Preferred Series A,Q,N,N,100,6.12
AGND,WisdomTree Barclays U.S. Aggregate Bond Negative Duration Fund,G,N,N,100,0.95
AGTC,Applied Genetic Technologies Corporation - Common Stock,G,N,N,100,9.53
AGZD,WisdomTree Barclays U.S. Aggregate Bond Zero Duration Fund,G,N,N,100,9.99
AIMC,Altra Industrial Motion Corp. - Common Stock,Q,N,N,100,0.9
AINV,Apollo Investment Corporation - Closed End Fund,Q,N,N,100,5.09
AIRM,Air Methods Corporation - Common Stock,Q,N,N,100,5.2
AIRR,First Trust RBA American Industrial Renaissance ETF,G,N,N,100,7.69
AKER,Akers Biosciences Inc - Common Stock,S,N,N,100,4.15
ALGT,Allegiant Travel Company - Common Stock,Q,N,N,100,3.72
ALKS,Alkermes plc - Ordinary Shares,Q,N,N,100,3
ALLT,Allot Communications Ltd. - Ordinary Shares,Q,N,N,100,5.38
ALOG,Analogic Corporation - Common Stock,Q,N,N,100,7.53
ALTR,Altera Corporation - Common Stock,Q,N,N,100,5.77
ALTY,Global X SuperDividend Alternatives ETF,G,N,N,100,6.09
AMCC,Applied Micro Circuits Corporation - Common Stock,Q,N,N,100,7.05
AMCX,AMC Networks Inc. - Class A Common Stock,Q,N,N,100,0.82
AMDA,Amedica Corporation - Common Stock,S,N,D,100,8.36
AMED,Amedisys Inc - Common Stock,Q,N,N,100,8.94
AMGN,Amgen Inc. - Common Stock,Q,N,N,100,1.19
AMIC,American Independence Corp. - Common Stock,S,N,N,100,6.43
AMRB,American River Bankshares - Common Stock,Q,N,N,100,6.46
AMSC,American Superconductor Corporation - Common Stock,Q,N,N,100,3.08
AMSG,Amsurg Corp. - Common Stock,Q,N,N,100,5.6
AMWD,American Woodmark Corporation - Common Stock,Q,N,N,100,4.13
ANAT,American National Insurance Company - Common Stock,Q,N,N,100,6.47
ANCB,Anchor Bancorp - Common Stock,G,N,N,100,5.45
ANCI,American Caresource Holdings Inc - Common Stock,S,N,D,100,7.61
ANCX,Access National Corporation - Common Stock,G,N,N,100,1.43
ANIK,Anika Therapeutics Inc. - Common Stock,Q,N,N,100,2.61
ANY,Sphere 3D Corp. - Common Shares,G,N,N,100,5.49
AOSL,Alpha and Omega Semiconductor Limited - Common Shares,Q,N,N,100,0.95
APDN,Applied DNA Sciences Inc - Common Stock,S,N,N,100,5.79
APDNW,Applied DNA Sciences Inc - Warrant,S,N,N,100,9.97
APIC,Apigee Corporation - Common Stock,Q,N,N,100,9.89
ARAY,Accuray Incorporated - Common Stock,Q,N,N,100,4.57
ARCB,ArcBest Corporation - Common Stock,Q,N,N,100,2.77
ARCC,Ares Capital Corporation - Closed End Fund,Q,N,N,100,9.79
ARDM,Aradigm Corporation - Common Stock,S,N,N,100,0.8
AREX,Approach Resources Inc. - Common Stock,Q,N,N,100,9.3
ARKR,Ark Restaurants Corp. - Common Stock,G,N,N,100,5.36
ARMH,ARM Holdings plc - American Depositary Shares each representing 3 Ordinary Shares,Q,N,N,100,4.83
AROW,Arrow Financial Corporation - Common Stock,Q,N,N,100,4.76
ARRY,Array BioPharma Inc. - Common Stock,G,N,N,100,7.6
ARTNA,Artesian Resources Corporation - Class A Non-Voting Common Stock,Q,N,N,100,1.97
ARTX,Arotech Corporation - Common Stock,G,N,N,100,2.93
ARWA,Arowana Inc. - Ordinary Shares,S,N,N,100,9.33
ARWAR,Arowana Inc. - Rights,S,N,N,100,6.68
ARWAU,Arowana Inc. - Units,S,N,N,100,9.52
ARWAW,Arowana Inc. - warrant,S,N,N,100,9.78
ARWR,Arrowhead Research Corporation - Common Stock,Q,N,N,100,4.61
ASBI,Ameriana Bancorp - Common Stock,S,N,N,100,2.73
ASML,ASML Holding N.V. - ADS represents 1 ordinary share,Q,N,N,100,2.09
ASND,Ascendis Pharma A/S - American Depositary Shares,Q,N,N,100,9.82
ASPS,Altisource Portfolio Solutions S.A. - Common Stock,Q,N,N,100,2.15
ASRV,AmeriServ Financial Inc. - Common Stock,G,N,N,100,7.55
ASTC,Astrotech Corporation - Common Stock,S,N,N,100,8.78
ASUR,Asure Software Inc - Common Stock,S,N,N,100,3.02
ATLC,Atlanticus Holdings Corporation - Common Stock,Q,N,N,100,3.72
ATLO,Ames National Corporation - Common Stock,S,N,N,100,8.63
ATML,Atmel Corporation - Common Stock,Q,N,N,100,7.4
ATNY,API Technologies Corp. - Common Stock,S,N,N,100,2.78
ATOS,Atossa Genetics Inc. - Common Stock,S,N,N,100,9.87
ATRI,ATRION Corporation - Common Stock,Q,N,N,100,3.78
ATRO,Astronics Corporation - Common Stock,Q,N,N,100,1.84
ATTU,Attunity Ltd. - Ordinary Shares,S,N,N,100,5.09
AUDC,AudioCodes Ltd. - Ordinary Shares,Q,N,N,100,8
AUMA,AR Capital Acquisition Corp. - Common Stock,S,N,N,100,4.64
AUMAU,AR Capital Acquisition Corp. - Units,S,N,N,100,2.41
AUMAW,AR Capital Acquisition Corp. - Warrants,S,N,N,100,2.39
AUPH,Aurinia Pharmaceuticals Inc - Common Shares,G,N,N,100,5.96
AVGO,Avago Technologies Limited - Ordinary Shares,Q,N,N,100,4.12
AXAS,Abraxas Petroleum Corporation - Common Stock,S,N,N,100,0.03
AXTI,AXT Inc - Common Stock,Q,N,N,100,1.72
AYA,Amaya Inc. - Common Stock,Q,N,N,100,6.1
BABY,Natus Medical Incorporated - Common Stock,Q,N,N,100,0.64
BANF,BancFirst Corporation - Common Stock,Q,N,N,100,1.03
BANFP,BancFirst Corporation - 7.2% Cumulative Trust Preferred Securities,Q,N,N,100,0.85
BANR,Banner Corporation - Common Stock,Q,N,N,100,3.86
BANX,StoneCastle Financial Corp - Common Stock,Q,N,N,100,6.12
BBBY,Bed Bath & Beyond Inc. - Common Stock,Q,N,N,100,3.86
BBC,BioShares Biotechnology Clinical Trials Fund,G,N,N,100,3.16
BBEP,Breitburn Energy Partners LP - Common Units Representing Limited Partnership,Q,N,N,100,8.17
BBEPP,Breitburn Energy Partners LP - 8.25% Series A Cumulative Redeemable Perpetual Preferred Units,Q,N,N,100,7.73
BBOX,Black Box Corporation - Common Stock,Q,N,N,100,2.52
BBP,BioShares Biotechnology Products Fund,G,N,N,100,8.62
BBRY,BlackBerry Limited - Common Stock,Q,N,N,100,0.05
BCLI,Brainstorm Cell Therapeutics Inc. - Common Stock,S,N,N,100,6.94
BCOM,B Communications Ltd. - Ordinary Shares,Q,N,N,100,0.58
BCOV,Brightcove Inc. - Common Stock,Q,N,N,100,1.28
BCPC,Balchem Corporation - Common Stock,Q,N,N,100,6.34
BELFA,Bel Fuse Inc. - Class A Common Stock,Q,N,N,100,2.28
BELFB,Bel Fuse Inc. - Class B Common Stock,Q,N,N,100,0.16
BFIN,BankFinancial Corporation - Common Stock,Q,N,N,100,0.21
BGFV,Big 5 Sporting Goods Corporation - Common Stock,Q,N,N,100,2.1
BHAC,Barington/Hilco Acquisition Corp. - Common Stock,S,N,N,100,6.51
BHACR,Barington/Hilco Acquisition Corp. - Rights,S,N,N,100,8.67
BHACU,Barington/Hilco Acquisition Corp. - Units,S,N,N,100,8.16
BHACW,Barington/Hilco Acquisition Corp. - Warrants,S,N,N,100,7.37
BIB,ProShares Ultra Nasdaq Biotechnology,G,N,N,100,9.17
BICK,First Trust BICK Index Fund,G,N,N,100,7.37
BIIB,Biogen Inc. - Common Stock,Q,N,N,100,2.54
BIOD,Biodel Inc. - Common Stock,S,N,N,100,8.27
BIS,ProShares UltraShort Nasdaq Biotechnology,G,N,N,100,0.68
BITI,Biotie Therapies Corp. - American Depositary Shares,Q,N,N,100,6.53
BKCC,BlackRock Capital Investment Corporation - Common Stock,Q,N,N,100,6.64
BKMU,Bank Mutual Corporation - Common Stock,Q,N,N,100,1.31
BKSC,Bank of South Carolina Corp. - Common Stock,S,N,N,100,5.75
BLBD,Blue Bird Corporation - Common Stock,G,N,N,100,7.56
BLRX,BioLineRx Ltd. - American Depositary Shares,S,N,N,100,5.7
BMRC,Bank of Marin Bancorp - Common Stock,S,N,N,100,3.15
BMRN,BioMarin Pharmaceutical Inc. - Common Stock,Q,N,N,100,3.51
BMTC,Bryn Mawr Bank Corporation - Common Stock,Q,N,N,100,0.5
BNCN,BNC Bancorp - Common Stock,S,N,N,100,7.97
BNDX,Vanguard Total International Bond ETF,G,N,N,100,5.51
BNTC,Benitec Biopharma Limited - American Depositary Shares,S,N,N,100,9.24
BNTCW,Benitec Biopharma Limited - Warrant,S,N,N,100,7.99
BOCH,Bank of Commerce Holdings (CA) - Common Stock,G,N,N,100,3.21
BOKF,BOK Financial Corporation - Common Stock,Q,N,N,100,8.2
BONA,Bona Film Group Limited - American Depositary Shares,Q,N,N,100,5.68
BOOM,Dynamic Materials Corporation - Common Stock,Q,N,N,100,4.03
BOSC,B.O.S. Better Online Solutions - Ordinary Shares,S,N,N,100,7.97
BPMC,Blueprint Medicines Corporation - Common Stock,Q,N,N,100,4.68
BRCM,Broadcom Corporation - Class A Common Stock,Q,N,N,100,2.18
BRID,Bridgford Foods Corporation - Common Stock,G,N,N,100,6.35
BRKR,Bruker Corporation - Common Stock,Q,N,N,100,9.19
BSQR,BSQUARE Corporation - Common Stock,G,N,N,100,5.02
BSRR,Sierra Bancorp - Common Stock,Q,N,N,100,2.43
BSTC,BioSpecifics Technologies Corp - Common Stock,G,N,N,100,3.46
BUR,Burcon NutraScience Corp - Ordinary Shares,G,N,N,100,8.24
BUSE,First Busey Corporation - Common Stock,Q,N,N,100,7.8
BVA,Cordia Bancorp Inc. - Common Stock,S,N,N,100,1.72
BVXV,BiondVax Pharmaceuticals Ltd. - American Depositary Shares,S,N,N,100,9.57
BVXVW,BiondVax Pharmaceuticals Ltd. - Warrants,S,N,N,100,8.9
BYFC,Broadway Financial Corporation - Common Stock,S,N,N,100,3.83
BYLK,Baylake Corp - Common Stock,S,N,N,100,7.78
BZUN,Baozun Inc. - American Depositary Shares,Q,N,N,100,1.72
CA,CA Inc. - Common Stock,Q,N,N,100,4.74
CAC,Camden National Corporation - Common Stock,Q,N,N,100,5.6
CACB,Cascade Bancorp - Common Stock,S,N,N,100,7.35
CACC,Credit Acceptance Corporation - Common Stock,Q,N,N,100,8.98
CACQ,Caesars Acquisition Company - Class A Common Stock,Q,N,N,100,9.79
CADT,DT Asia Investments Limited - Ordinary Shares,S,N,N,100,2.85
CADTR,DT Asia Investments Limited - Right,S,N,N,100,2.6
CADTU,DT Asia Investments Limited - Unit,S,N,N,100,5.66
CADTW,DT Asia Investments Limited - Warrant,S,N,N,100,0.27
CAFD,8point3 Energy Partners LP - Class A Shares,Q,N,N,100,2.5
CAKE,The Cheesecake Factory Incorporated - Common Stock,Q,N,N,100,1.41
CALI,China Auto Logistics Inc. - Common Stock,S,N,N,100,6.69
CALL,magicJack VocalTec Ltd - Ordinary Shares,G,N,N,100,3.08
CAMB,Cambridge Capital Acquisition Corporation - Common Stock,S,N,N,100,8.69
CAMBU,Cambridge Capital Acquisition Corporation - Unit,S,N,N,100,8.54
CAMBW,Cambridge Capital Acquisition Corporation - Warrant,S,N,N,100,1.38
CAMP,CalAmp Corp. - Common Stock,Q,N,N,100,6.43
CAMT,Camtek Ltd. - Ordinary Shares,G,N,N,100,4.84
CAPX,Elkhorn S&P 500 Capital Expenditures Portfolio,G,N,N,100,3.79
CARO,Carolina Financial Corporation - Common Stock,S,N,N,100,2.47
CART,Carolina Trust Bank - Common Stock,S,N,N,100,3.06
CARZ,First Trust NASDAQ Global Auto Index Fund,G,N,N,100,1.1
CATY,Cathay General Bancorp - Common Stock,Q,N,N,100,5.9
CATYW,Cathay General Bancorp - Warrant,Q,N,N,100,8.18
CBAY,CymaBay Therapeutics Inc. - Common Stock,S,N,N,100,6.09
CBF,Capital Bank Financial Corp. - Class A Common Stock,Q,N,N,100,9.48
CBIO,Catalyst Inc.  - Common Stock,S,N,N,100,5.06
CBMX,CombiMatrix Corporation - Common Stock,S,N,N,100,8.94
CCBG,Capital City Bank Group - Common Stock,Q,N,N,100,3.02
CCD,Calamos Dynamic Convertible & Income Fund - Common Shares,Q,N,N,100,8.92
CCIH,ChinaCache International Holdings Ltd. - American Depositary Shares,Q,N,N,100,8.87
CCLP,CSI Compressco LP - common units,Q,N,N,100,7.15
CCMP,Cabot Microelectronics Corporation - Common Stock,Q,N,N,100,8.84
CCNE,CNB Financial Corporation - Common Stock,Q,N,N,100,5.26
CCUR,Concurrent Computer Corporation - Common Stock,G,N,N,100,9.55
CDC,Compass EMP U S EQ Income 100 Enhanced Volatility Weighted Fund,G,N,N,100,8.49
CDL,Compass EMP US Large Cap High Dividend 100 Volatility Weighted Index ETF,G,N,N,100,4.54
CDRB,Code Rebel Corporation - Common Stock,S,N,N,100,5.54
CDW,CDW Corporation - Common Stock,Q,N,N,100,0.68
CECE,CECO Environmental Corp. - Common Stock,Q,N,N,100,4.13
CECO,Career Education Corporation - Common Stock,Q,N,N,100,0.09
CELG,Celgene Corporation - Common Stock,Q,N,N,100,0.46
CELGZ,Celgene Corporation - Contingent Value Right,G,N,N,100,9.46
CENT,Central Garden & Pet Company - Common Stock,Q,N,N,100,3.04
CENTA,Central Garden & Pet Company - Class A Common Stock Nonvoting,Q,N,N,100,8.57
CENX,Century Aluminum Company - Common Stock,Q,N,N,100,3.97
CERN,Cerner Corporation - Common Stock,Q,N,N,100,9.82
CERS,Cerus Corporation - Common Stock,G,N,N,100,3.45
CERU,Cerulean Pharma Inc. - Common Stock,G,N,N,100,5.58
CETC,Hongli Clean Energy Technologies Corp. - Common Stock,S,N,N,100,6.92
CETV,Central European Media Enterprises Ltd. - Class A Common Stock,Q,N,N,100,3.44
CETX,Cemtrex Inc. - Common Stock,S,N,N,100,9.38
CFA,Compass EMP US 500 Volatility Weighted Index ETF,G,N,N,100,7.99
CFBK,Central Federal Corporation - Common Stock,S,N,N,100,1.32
CFFI,C&F Financial Corporation - Common Stock,Q,N,N,100,8.58
CFGE,Calamos Focus Growth ETF,G,N,N,100,9.42
CFNB,California First National Bancorp - Common Stock,G,N,N,100,1.71
CFNL,Cardinal Financial Corporation - Common Stock,Q,N,N,100,2.84
CFO,Compass EMP US 500 Enhanced Volatility Weighted Index ETF,G,N,N,100,8.56
CFRX,ContraFect Corporation - Common Stock,S,N,N,100,2.25
CFRXW,ContraFect Corporation - Warrant,S,N,N,100,1.13
CFRXZ,ContraFect Corporation - Warrant,S,N,N,100,8.74
CG,The Carlyle Group L.P. - Common Units,Q,N,N,100,0.23
CGEN,Compugen Ltd. - Ordinary Shares,G,N,N,100,1.68
CGNX,Cognex Corporation - Common Stock,Q,N,N,100,7.39
CGO,Calamos Global Total Return Fund - Common Stock,Q,N,N,100,8.29
CHCO,City Holding Company - Common Stock,Q,N,N,100,3.64
CHEK,Check-Cap Ltd. - Ordinary Share,S,N,N,100,8.55
CHEKW,Check-Cap Ltd. - Series A Warrant,S,N,N,100,5.38
CHEV,Cheviot Financial Corp - Common Stock,S,N,N,100,7.46
CHFC,Chemical Financial Corporation - Common Stock,Q,N,N,100,9.27
CHFN,Charter Financial Corp. - Common Stock,S,N,N,100,0.21
CHI,Calamos Convertible Opportunities and Income Fund - Common Stock,Q,N,N,100,0.54
CHKE,Cherokee Inc. - Common Stock,Q,N,N,100,7.14
CHKP,Check Point Software Technologies Ltd. - Ordinary Shares,Q,N,N,100,2.41
CHMG,Chemung Financial Corp - Common Stock,Q,N,N,100,9.64
CHOP,China Gerui Advanced Materials Group Limited - Ordinary Shares,Q,N,H,100,4.6
CHSCN,CHS Inc - Preferred Class B Series 2 Reset Rate,Q,N,N,100,0.79
CHSCO,CHS Inc - Class B Cumulative Redeemable Preferred Stock,Q,N,N,100,2
CHSCP,CHS Inc - 8%  Cumulative Redeemable Preferred Stock,Q,N,N,100,7.97
CHW,Calamos Global Dynamic Income Fund - Common Stock,Q,N,N,100,1.8
CHY,Calamos Convertible and High Income Fund - Common Stock,Q,N,N,100,8.16
CIBR,First Trust NASDAQ CEA Cybersecurity ETF,G,N,N,100,9.68
CID,Compass EMP International High Dividend 100 Volatility Weighted Index ETF,G,N,N,100,2.37
CIDM,Cinedigm Corp - Class A Common Stock,G,N,D,100,5.04
CIFC,CIFC Corp. - Common Stock,S,N,N,100,1.7
CIGI,Colliers International Group Inc.  - Subordinate Voting Shares,Q,N,N,100,6.19
CIL,Compass EMP International 500 Volatility Weighted Index ETF,G,N,N,100,1.94
CINF,Cincinnati Financial Corporation - Common Stock,Q,N,N,100,6.6
CIZ,Compass EMP Developed 500 Enhanced Volatility Weighted Index ETF,G,N,N,100,1.45
CIZN,Citizens Holding Company - Common Stock,G,N,N,100,6.3
CLBH,Carolina Bank Holdings Inc. - Common Stock,G,N,N,100,6.11
CLDN,Celladon Corporation - Common Stock,G,N,N,100,0.39
CLIR,ClearSign Combustion Corporation - Common Stock,S,N,N,100,5.15
CLLS,Cellectis S.A. - American Depositary Shares,G,N,N,100,9.06
CLNE,Clean Energy Fuels Corp. - Common Stock,Q,N,N,100,7.61
CLSN,Celsion Corporation - Common Stock,S,N,N,100,3.52
CLTX,Celsus Therapeutics Plc - American Depositary Shares,S,N,N,100,9.88
CLWT,Euro Tech Holdings Company Limited - Ordinary Shares,S,N,N,100,7.43
CMCO,Columbus McKinnon Corporation - Common Stock,Q,N,N,100,5.86
CMCSA,Comcast Corporation - Class A Common Stock,Q,N,N,100,3.17
CMCSK,Comcast Corporation - Class A Special Common Stock,Q,N,N,100,3.5
CMCT,CIM Commercial Trust Corporation - Common Stock,G,N,N,100,0.14
CME,CME Group Inc. - Class A Common Stock,Q,N,N,100,5.67
CMFN,CM Finance Inc - Common Stock,Q,N,N,100,7.18
CMLS,Cumulus Media Inc. - Common Stock,Q,N,N,100,9.41
CMPR,Cimpress N.V - Ordinary Shares (The Netherlands),Q,N,N,100,1.51
CMTL,Comtech Telecommunications Corp. - Common Stock,Q,N,N,100,3.33
CNAT,Conatus Pharmaceuticals Inc. - Common Stock,G,N,N,100,6.92
CNLM,CB Pharma Acquisition Corp. - Ordinary Shares,S,N,N,100,5.03
CNLMR,CB Pharma Acquisition Corp. - Rights,S,N,N,100,0.17
CNLMU,CB Pharma Acquisition Corp. - Units,S,N,N,100,1.45
CNLMW,CB Pharma Acquisition Corp. - Warrants,S,N,N,100,3.77
CNMD,CONMED Corporation - Common Stock,Q,N,N,100,0.43
CNV,Cnova N.V. - Ordinary Shares,Q,N,N,100,1.11
COB,CommunityOne Bancorp - Common Stock,S,N,N,100,7.26
COBZ,CoBiz Financial Inc. - Common Stock,Q,N,N,100,1.56
COKE,Coca-Cola Bottling Co. Consolidated - Common Stock,Q,N,N,100,4.69
COLM,Columbia Sportswear Company - Common Stock,Q,N,N,100,6.38
COMT,iShares Commodities Select Strategy ETF,G,N,N,100,6.93
CONE,CyrusOne Inc - Common Stock,Q,N,N,100,1.14
COOL,Majesco Entertainment Company - Common Stock,S,N,D,100,3.75
CORT,Corcept Therapeutics Incorporated - Common Stock,S,N,N,100,8.36
COST,Costco Wholesale Corporation - Common Stock,Q,N,D,100,3.78
COVS,Covisint Corporation - Common Stock,Q,N,N,100,2.16
CPAH,CounterPath Corporation - Common Stock,S,N,D,100,8.73
CPHC,Canterbury Park Holding Corporation - Common Stock,G,N,N,100,0.09
CPHD,CEPHEID - Common Stock,Q,N,N,100,0.26
CPHR,Cipher Pharmaceuticals Inc. - Common Shares,G,N,N,100,0.24
CPIX,Cumberland Pharmaceuticals Inc. - Common Stock,Q,N,N,100,6.9
CPLA,Capella Education Company - Common Stock,Q,N,N,100,2
CPLP,Capital Product Partners L.P. - common units representing limited partner interests,Q,N,N,100,9.48
CPSH,CPS Technologies Corp. - Common Stock,S,N,N,100,4.91
CPST,Capstone Turbine Corporation - Common Stock,S,N,D,100,2.66
CPTA,Capitala Finance Corp. - Common Stock,Q,N,N,100,7.4
CPXX,Celator Pharmaceuticals Inc. - Common Stock,S,N,N,100,0.81
CRAY,Cray Inc - Common Stock,Q,N,N,100,2.43
CRDT,WisdomTree Strategic Corporate Bond Fund,G,N,N,100,0.68
CREG,China Recycling Energy Corporation - Common Stock,G,N,D,100,9.12
CRME,Cardiome Pharma Corporation - Ordinary Shares (Canada),S,N,N,100,8.23
CRNT,Ceragon Networks Ltd. - Ordinary Shares,Q,N,N,100,4.57
CRTO,Criteo S.A. - American Depositary Shares,Q,N,N,100,3.87
CRVL,CorVel Corp. - Common Stock,Q,N,N,100,8.92
CSA,Compass EMP Small Cap 500 Volatility Weighted Index ETF,G,N,N,100,7.11
CSB,Compass EMP US Small Cap High Dividend 100 Volatility Weighted Index ETF,G,N,N,100,5.27
CSBK,Clifton Bancorp Inc. - Common Stock,Q,N,N,100,1.7
CSF,Compass EMP U.S. Discovery 500 Enhanced Volatility Weighted Fund,G,N,N,100,9.23
CSIQ,Canadian Solar Inc. - common shares,Q,N,N,100,3.09
CSPI,CSP Inc. - Common Stock,G,N,N,100,2.3
CSQ,Calamos Strategic Total Return Fund - Common Stock,Q,N,N,100,9.14
CSTE,CaesarStone Sdot-Yam Ltd. - Ordinary Shares,Q,N,N,100,5.76
CSWC,Capital Southwest Corporation - Common Stock,Q,N,N,100,7.54
CTAS,Cintas Corporation - Common Stock,Q,N,N,100,8.07
CTHR,Charles & Colvard Ltd - Common Stock,Q,N,N,100,0.02
CTIB,CTI Industries Corporation - Common Stock,S,N,N,100,3
CTIC,CTI BioPharma Corp. - Common Stock,S,N,N,100,5.09
CTRL,Control4 Corporation - Common Stock,Q,N,N,100,3.37
CTRV,ContraVir Pharmaceuticals Inc - Common Stock,S,N,N,100,7.22
CTSH,Cognizant Technology Solutions Corporation - Class A Common Stock,Q,N,N,100,3.74
CTSO,Cytosorbents Corporation - Common Stock,S,N,N,100,2.31
CU,First Trust ISE Global Copper Index Fund,G,N,N,100,5.05
CUNB,CU Bancorp (CA) - Common Stock,S,N,N,100,1.11
CVBF,CVB Financial Corporation - Common Stock,Q,N,N,100,5.06
CVCY,Central Valley Community Bancorp - Common Stock,S,N,N,100,4.47
CVV,CVD Equipment Corporation - Common Stock,S,N,N,100,4.1
CWBC,Community West Bancshares - Common Stock,G,N,N,100,7.5
CWCO,Consolidated Water Co. Ltd. - Ordinary Shares,Q,N,N,100,9.75
CXDC,China XD Plastics Company Limited - Common Stock,G,N,N,100,6.24
CXRX,Concordia Healthcare Corp. - Common Shares,Q,N,N,100,4.15
CXSE,WisdomTree China ex-State-Owned Enterprises Fund,G,N,N,100,5.53
CY,Cypress Semiconductor Corporation - Common Stock,Q,N,N,100,2
CYAD,Celyad SA - American Depositary Shares,G,N,N,100,3.79
CYAN,Cyanotech Corporation - Common Stock,S,N,N,100,5.99
CYBE,CyberOptics Corporation - Common Stock,G,N,N,100,0.7
CYBR,CyberArk Software Ltd. - Ordinary Shares,Q,N,N,100,7.69
CYNA,Cynapsus Therapeutics Inc. - Common Shares,G,N,N,100,6.12
CYRN,CYREN Ltd. - Ordinary Shares,S,N,N,100,6.64
CYTR,CytRx Corporation - Common Stock,S,N,N,100,3.5
CYTX,Cytori Therapeutics Inc - Common Stock,G,N,D,100,8.37
CZFC,Citizens First Corporation - Common Stock,G,N,N,100,5.49
CZNC,Citizens & Northern Corp - Common Stock,S,N,N,100,6.31
CZR,Caesars Entertainment Corporation - Common Stock,Q,N,N,100,2.97
DAEG,Daegis Inc - Common Stock,S,N,D,100,8.15
DAIO,Data I/O Corporation - Common Stock,S,N,N,100,5.15
DATE,Jiayuan.com International Ltd. - American Depositary Shares,Q,N,N,100,7.85
DAX,Recon Capital DAX Germany ETF,G,N,N,100,4.07
DBVT,DBV Technologies S.A. - American Depositary Shares,Q,N,N,100,2.12
DCIX,Diana Containerships Inc. - Common Shares,Q,N,N,100,3.61
DELT,Delta Technology Holdings Limited - Ordinary Shares,S,N,N,100,6.85
DELTW,Delta Technology Holdings Limited - Warrant,S,N,N,100,4.29
DENN,Denny's Corporation - Common Stock,S,N,N,100,6.08
DEST,Destination Maternity Corporation - Common Stock,Q,N,N,100,5.02
DFVL,Barclays PLC - iPath US Treasury 5 Year Bull ETN,G,N,N,100,0.44
DFVS,Barclays PLC - iPath US Treasury 5-year Bear ETN,G,N,N,100,2.92
DGII,Digi International Inc. - Common Stock,Q,N,N,100,3.33
DGLD,Credit Suisse AG - VelocityShares 3x Inverse Gold ETN,G,N,N,100,4.51
DGRE,WisdomTree Emerging Markets Quality Dividend Growth Fund,G,N,N,100,3.58
DGRS,WisdomTree U.S. SmallCap Quality Dividend Growth Fund,G,N,N,100,2.99
DGRW,WisdomTree U.S. Quality Dividend Growth Fund,G,N,N,100,7.32
DHRM,Dehaier Medical Systems Limited - Common Stock,S,N,N,100,9.24
DHXM,DHX Media Ltd. - Variable Voting Shares,Q,N,N,100,6.57
DIOD,Diodes Incorporated - Common Stock,Q,N,N,100,3.92
DISH,DISH Network Corporation - Class A Common Stock,Q,N,N,100,0.94
DJCO,Daily Journal Corp. (S.C.) - Common Stock,S,N,N,100,3.06
DLBL,Barclays PLC - iPath US Treasury Long Bond Bull ETN,G,N,N,100,0.21
DLBS,Barclays PLC - iPath US Treasury Long Bond Bear ETN,G,N,N,100,0.26
DLHC,DLH Holdings Corp. - Common Stock,S,N,N,100,9.83
DMRC,Digimarc Corporation - Common Stock,Q,N,N,100,3.43
DNBF,DNB Financial Corp - Common Stock,S,N,N,100,8.8
DOX,Amdocs Limited - Ordinary Shares,Q,N,N,100,5.81
DRAD,Digirad Corporation - Common Stock,G,N,N,100,7.66
DRAM,Dataram Corporation - Common Stock,S,N,H,100,6.03
DRRX,DURECT Corporation - Common Stock,G,N,N,100,6.21
DRWI,DragonWave Inc - Common Shares,S,N,D,100,5.8
DRWIW,DragonWave Inc - Warrants,S,N,N,100,7.92
DRYS,DryShips Inc. - Common Stock,Q,N,D,100,3.5
DSGX,The Descartes Systems Group Inc. - Common Stock,Q,N,N,100,3.85
DSKY,iDreamSky Technology Limited - American Depositary Shares,Q,N,N,100,1.24
DSLV,Credit Suisse AG - VelocityShares 3x Inverse Silver ETN,G,N,N,100,5.05
DTEA,DAVIDsTEA Inc. - Common Stock,G,N,N,100,3.72
DTLK,Datalink Corporation - Common Stock,Q,N,N,100,3.84
DTUL,Barclays PLC - iPath US Treasury 2 Yr Bull ETN,G,N,N,100,6.82
DTUS,Barclays PLC - iPath US Treasury 2-year Bear ETN,G,N,N,100,1.93
DTYL,Barclays PLC - iPath US Treasury 10 Year Bull ETN,G,N,N,100,6.87
DTYS,Barclays PLC - iPath US Treasury 10-year Bear ETN,G,N,N,100,3.47
DVAX,Dynavax Technologies Corporation - Common Stock,S,N,N,100,3.24
DVCR,Diversicare Healthcare Services Inc. - Common Stock,S,N,N,100,0.52
DWAT,Arrow DWA Tactical ETF,G,N,N,100,8.48
DWCH,Datawatch Corporation - Common Stock,S,N,N,100,4.29
DWSN,Dawson Geophysical Company - Common Stock,Q,N,N,100,6.48
DXGE,WisdomTree Germany Hedged Equity Fund,G,N,N,100,1.9
DXJS,WisdomTree Japan Hedged SmallCap Equity Fund,G,N,N,100,4.98
DXKW,WisdomTree Korea Hedged Equity Fund,G,N,N,100,7.87
DXPS,WisdomTree United Kingdom Hedged Equity Fund,G,N,N,100,5.21
DYAX,Dyax Corp. - Common Stock,G,N,N,100,1.25
DYNT,Dynatronics Corporation - Common Stock,S,N,N,100,5.52
DYSL,Dynasil Corporation of America - Common Stock,S,N,N,100,4.51
EA,Electronic Arts Inc. - Common Stock,Q,N,N,100,0.55
EAC,Erickson Incorporated - Common Stock,G,N,N,100,2.08
EACQU,Easterly Acquisition Corp. - Unit,S,N,N,100,5.46
EARS,Auris Medical Holding AG - Common Shares,G,N,N,100,7.33
EBAY,eBay Inc. - Common Stock,Q,N,N,100,2.71
EBTC,Enterprise Bancorp Inc - Common Stock,Q,N,N,100,9.05
ECACU,E-compass Acquisition Corp. - Units,S,N,N,100,9.41
ECPG,Encore Capital Group Inc - Common Stock,Q,N,N,100,0.43
EDUC,Educational Development Corporation - Common Stock,G,N,N,100,6.22
EEMA,iShares MSCI Emerging Markets Asia Index Fund,G,N,N,100,7.9
EEML,iShares MSCI Emerging Markets Latin America Index Fund,G,N,N,100,7.73
EFSC,Enterprise Financial Services Corporation - Common Stock,Q,N,N,100,0.49
EFUT,eFuture Information Technology Inc. - Ordinary Shares,S,N,N,100,5.68
EGAN,eGain Corporation - Common Stock,S,N,N,100,9.77
EGHT,8x8 Inc - Common Stock,Q,N,N,100,7.92
EGLE,Eagle Bulk Shipping Inc. - Common Stock,Q,N,N,100,7.18
EGLT,Egalet Corporation - Common Stock,G,N,N,100,3.44
EGOV,NIC Inc. - Common Stock,Q,N,N,100,0.84
EGT,Entertainment Gaming Asia Incorporated - Common Stock,S,N,N,100,5.56
ELEC,Electrum Special Acquisition Corporation - Ordinary Shares,S,N,N,100,9.84
ELECU,Electrum Special Acquisition Corporation - Units,S,N,N,100,1.02
ELECW,Electrum Special Acquisition Corporation - Warrants,S,N,N,100,7.1
ELNK,EarthLink Holdings Corp. - Common Stock,Q,N,N,100,6.3
ELON,Echelon Corporation - Common Stock,Q,N,D,100,3.37
ELOS,Syneron Medical Ltd. - Ordinary Shares,Q,N,N,100,1.85
ELRC,Electro Rent Corporation - Common Stock,Q,N,N,100,4.35
ELTK,Eltek Ltd. - Ordinary Shares,S,N,N,100,3.43
EMCB,WisdomTree Emerging Markets Corporate Bond Fund,G,N,N,100,5.43
EMCF,Emclaire Financial Corp - Common Stock,S,N,N,100,3.08
EMCG,WisdomTree Emerging Markets Consumer Growth Fund,G,N,N,100,6.1
EMCI,EMC Insurance Group Inc. - Common Stock,Q,N,N,100,2.13
EMIF,iShares S&P Emerging Markets Infrastructure Index Fund,G,N,N,100,6.28
EMITF,Elbit Imaging Ltd. - Ordinary Shares,Q,N,N,100,8.62
EMKR,EMCORE Corporation - Common Stock,G,N,N,100,1.73
EML,Eastern Company (The) - Common Stock,G,N,N,100,6.12
EMMS,Emmis Communications Corporation - Class A Common Stock,Q,N,N,100,1.04
EMMSP,Emmis Communications Corporation - 6.25% Series A Cumulative Convertible Preferred Stock,Q,N,D,100,9.5
ENDP,Endo International plc - Ordinary Shares,Q,N,N,100,8.91
ENFC,Entegra Financial Corp. - Common Stock,G,N,N,100,3.62
ENG,ENGlobal Corporation - Common Stock,S,N,N,100,4.88
ENT,Global Eagle Entertainment Inc. - Common Stock,S,N,N,100,3.21
ENZY,Enzymotec Ltd. - Ordinary Shares,Q,N,N,100,5.86
EPIX,ESSA Pharma Inc. - Common Stock,S,N,N,100,1.98
EQFN,Equitable Financial Corp. - Common Stock,S,N,N,100,0.98
ERIC,Ericsson - ADS each representing 1 underlying Class B share,Q,N,N,100,0.48
ERIE,Erie Indemnity Company - Class A Common Stock,Q,N,N,100,2.94
ERW,Janus Equal Risk Weighted Large Cap ETF,G,N,N,100,9.72
ESBK,Elmira Savings Bank NY (The) - Common Stock,S,N,N,100,9.37
ESCR,Escalera Resources Co. - Common Stock,S,N,D,100,8.79
ESCRP,Escalera Resources Co. - Series A Cumulative Preferred Stock,S,N,D,100,2.87
ESEA,Euroseas Ltd. - Common Stock,S,N,N,100,5.38
ESGR,Enstar Group Limited - Ordinary Shares,Q,N,N,100,9
ESLT,Elbit Systems Ltd. - Ordinary Shares,Q,N,N,100,2.44
ESMC,Escalon Medical Corp. - Common Stock,S,N,N,100,7.69
ESND,Essendant Inc. - Common Stock,Q,N,N,100,8.27
ESRX,Express Scripts Holding Company - Common Stock,Q,N,N,100,9.81
ESSX,Essex Rental Corporation - Common Stock,S,N,D,100,1.87
ESXB,Community Bankers Trust Corporation. - Common Stock,S,N,N,100,7.9
ETFC,E*TRADE Financial Corporation - Common Stock,Q,N,N,100,4.01
ETRM,EnteroMedics Inc. - Common Stock,S,N,D,100,8.56
EUFN,iShares MSCI Europe Financials Sector Index Fund,G,N,N,100,5.66
EVLV,EVINE Live Inc. - Common Stock,Q,N,N,100,3.71
EXA,Exa Corporation - Common Stock,G,N,N,100,7.93
EXAS,Exact Sciences Corporation - Common Stock,S,N,N,100,8.9
EXFO,EXFO Inc - Subordinate Voting Shares,Q,N,N,100,7.81
EXXI,Energy XXI Ltd. - Common Stock,Q,N,N,100,6.81
EZCH,EZchip Semiconductor Limited - Ordinary Shares,Q,N,N,100,1.98
FARM,Farmer Brothers Company - Common Stock,Q,N,N,100,3.59
FAST,Fastenal Company - Common Stock,Q,N,N,100,5.95
FB,Facebook Inc. - Class A Common Stock,Q,N,N,100,5.87
FBNC,First Bancorp - Common Stock,Q,N,N,100,5.74
FBRC,FBR & Co - Common Stock,Q,N,N,100,1.14
FBZ,First Trust Brazil AlphaDEX Fund,G,N,N,100,0.14
FCA,First Trust China AlphaDEX Fund,G,N,N,100,5.56
FCAN,First Trust Canada AlphaDEX Fund,G,N,N,100,4.86
FCCO,First Community Corporation - Common Stock,S,N,N,100,5.49
FCCY,1st Constitution Bancorp (NJ) - Common Stock,G,N,N,100,1.82
FCLF,First Clover Leaf Financial Corp. - Common Stock,S,N,N,100,7.66
FCSC,Fibrocell Science Inc - Common Stock,S,N,N,100,6.44
FDEF,First Defiance Financial Corp. - Common Stock,Q,N,N,100,4.39
FDIV,First Trust Strategic Income ETF,G,N,N,100,0.36
FDML,Federal-Mogul Holdings Corporation - Class A Common Stock,Q,N,N,100,6.63
FDUS,Fidus Investment Corporation - Common Stock,Q,N,N,100,9.35
FEIC,FEI Company - Common Stock,Q,N,N,100,6.91
FEMB,First Trust Emerging Markets Local Currency Bond ETF,G,N,N,100,4.42
FES,Forbes Energy Services Ltd - Ordinary shares (Bermuda),G,N,N,100,7.72
FEUZ,First Trust Eurozone AlphaDEX ETF,G,N,N,100,3.09
FFBC,First Financial Bancorp. - Common Stock,Q,N,N,100,3.32
FFBCW,First Financial Bancorp. - Warrant 12/23/2018,Q,N,N,100,2.73
FFIC,Flushing Financial Corporation - Common Stock,Q,N,N,100,9.12
FFKT,Farmers Capital Bank Corporation - Common Stock,Q,N,N,100,2.88
FFWM,First Foundation Inc. - Common Stock,G,N,N,100,0.93
FGM,First Trust Germany AlphaDEX Fund,G,N,N,100,5.76
FHCO,Female Health Company (The) - Common Stock,S,N,N,100,8.67
FHK,First Trust Hong Kong AlphaDEX Fund,G,N,N,100,1.6
FITB,Fifth Third Bancorp - Common Stock,Q,N,N,100,4.37
FITBI,Fifth Third Bancorp - Depositary Share repstg 1/1000th Ownership Interest Perp Pfd Series I,Q,N,N,100,1.69
FIZZ,National Beverage Corp. - Common Stock,Q,N,N,100,9.23
FJP,First Trust Japan AlphaDEX Fund,G,N,N,100,1.12
FKO,First Trust South Korea AlphaDEX Fund,G,N,N,100,9.95
FKU,First Trust United Kingdom AlphaDEX Fund,G,N,N,100,8.99
FLAG,WeatherStorm Forensic Accounting Long Short ETF,G,N,N,100,1.61
FLAT,Barclays PLC - iPath US Treasury Flattener ETN,G,N,N,100,3.5
FLDM,Fluidigm Corporation - Common Stock,Q,N,N,100,2.51
FLEX,Flextronics International Ltd. - Ordinary Shares,Q,N,N,100,2.38
FLIC,The First of Long Island Corporation - Common Stock,S,N,N,100,7
FLML,Flamel Technologies S.A. - American Depositary Shares each representing one Ordinary Share,G,N,N,100,4.48
FMB,First Trust Managed Municipal ETF,G,N,N,100,9.87
FMER,FirstMerit Corporation - Common Stock,Q,N,N,100,9.13
FMNB,Farmers National Banc Corp. - Common Stock,S,N,N,100,8.68
FNBC,First NBC Bank Holding Company - Common Stock,Q,N,N,100,9.23
FNFG,First Niagara Financial Group Inc. - Common Stock,Q,N,N,100,1.05
FNHC,Federated National Holding Company - Common Stock,G,N,N,100,2.63
FNSR,Finisar Corporation - Common Stock,Q,N,N,100,3.7
FNTC,FinTech Acquisition Corp. - Common Stock,S,N,N,100,9.56
FNTCU,FinTech Acquisition Corp. - Units,S,N,N,100,2.92
FNTCW,FinTech Acquisition Corp. - Warrants,S,N,N,100,4.73
FNWB,First Northwest Bancorp - Common Stock,G,N,N,100,9.06
FOMX,Foamix Pharmaceuticals Ltd. - Ordinary Shares,G,N,N,100,3.87
FONE,First Trust NASDAQ CEA Smartphone Index Fund,G,N,N,100,6.12
FONR,Fonar Corporation - Common Stock,S,N,N,100,6.27
FORTY,Formula Systems (1985) Ltd. - ADS represents 1 ordinary shares,Q,N,N,100,7.66
FOXF,Fox Factory Holding Corp. - Common Stock,Q,N,N,100,7.51
FPXI,First Trust International IPO ETF,G,N,N,100,3.38
FRAN,Francesca's Holdings Corporation - Common Stock,Q,N,N,100,0.67
FRBA,First Bank - Common Stock,G,N,N,100,1.93
FREE,FreeSeas Inc. - Common Stock,S,N,N,100,2.54
FRME,First Merchants Corporation - Common Stock,Q,N,N,100,9.04
FSAM,Fifth Street Asset Management Inc. - Class A Common Stock,Q,N,N,100,6.86
FSBK,First South Bancorp Inc - Common Stock,Q,N,N,100,5.2
FSC,Fifth Street Finance Corp. - Common Stock,Q,N,N,100,0.57
FSCFL,Fifth Street Finance Corp. - 6.125% senior notes due 2028,Q,N,N,100,8.04
FSFR,Fifth Street Senior Floating Rate Corp. - Common Stock,Q,N,N,100,7.49
FSTR,L.B. Foster Company - Common Stock,Q,N,N,100,8.94
FSV,FirstService Corporation - Subordinate Voting Shares,Q,N,N,100,9.78
FSZ,First Trust Switzerland AlphaDEX Fund,G,N,N,100,7.5
FTCS,First Trust Capital Strength ETF,G,N,N,100,5.29
FTGC,First Trust Global Tactical Commodity Strategy Fund,G,N,N,100,7.68
FTHI,First Trust High Income ETF,G,N,N,100,5.21
FTLB,First Trust Low Beta Income ETF,G,N,N,100,4.4
FTR,Frontier Communications Corporation - Common Stock,Q,N,N,100,0.6
FTRPR,Frontier Communications Corporation - 11.125% Series A Mandatory Convertible Preferred Stock,Q,N,N,100,4.74
FTSL,First Trust Senior Loan Fund ETF,G,N,N,100,4.76
FTSM,First Trust Enhanced Short Maturity ETF,G,N,N,100,3.09
FTW,First Trust Taiwan AlphaDEX Fund,G,N,N,100,2.61
FUEL,Rocket Fuel Inc. - Common Stock,Q,N,N,100,9.15
FULL,Full Circle Capital Corporation - Common Stock,G,N,N,100,8.86
FULLL,Full Circle Capital Corporation - 8.25% Notes due 2020,G,N,N,100,9.91
FULT,Fulton Financial Corporation - Common Stock,Q,N,N,100,3.64
FUNC,First United Corporation - Common Stock,Q,N,N,100,5.03
FV,First Trust Dorsey Wright Focus 5 ETF,G,N,N,100,7.92
FWM,Fairway Group Holdings Corp. - Class A Common Stock,G,N,N,100,3.22
FWP,Forward Pharma A/S - American Depositary Shares,Q,N,N,100,1.3
FWRD,Forward Air Corporation - Common Stock,Q,N,N,100,5.56
GAI,Global-Tech Advanced Innovations Inc. - Common Stock,G,N,N,100,5.56
GAIN,Gladstone Investment Corporation - Business Development Company,Q,N,N,100,1.46
GAINN,Gladstone Investment Corporation - 6.50% Series C Cumulative Term Preferred Stock Due 2022,Q,N,N,100,7.69
GAINO,Gladstone Investment Corporation - 6.75% Series B Cumulative Term Preferred Stock,Q,N,N,100,9.94
GAINP,Gladstone Investment Corporation - 7.125% Series A Term Preferred Stock,Q,N,N,100,6.24
GALT,Galectin Therapeutics Inc. - Common Stock,S,N,N,100,5.03
GALTU,Galectin Therapeutics Inc. - Units,S,N,N,100,5.7
GALTW,Galectin Therapeutics Inc. - Warrants,S,N,N,100,0.39
GAME,Shanda Games Limited - American Depositary Shares representing 2 Class A Ordinary Shares,Q,N,N,100,7.5
GARS,Garrison Capital Inc. - Common Stock,Q,N,N,100,6.1
GBLI,Global Indemnity plc - Class A Common Shares,Q,N,N,100,9.89
GBLIZ,Global Indemnity plc - 7.75% Subordinated Note Due 2045,Q,N,N,100,1.59
GBNK,Guaranty Bancorp - Common Stock,Q,N,N,100,6.69
GCVRZ,Sanofi - Contingent Value Right (Expiring 12/31/2020),G,N,N,100,8.77
GENC,Gencor Industries Inc. - Common Stock,G,N,N,100,9.72
GENE,Genetic Technologies Ltd - American Depositary Shares representing 30 ordinary shares,S,N,N,100,8.14
GEOS,Geospace Technologies Corporation - Common Stock,Q,N,N,100,2.5
GERN,Geron Corporation - Common Stock,Q,N,N,100,9.58
GFN,General Finance Corporation - Common Stock,G,N,N,100,1.91
GFNCP,General Finance Corporation - Cumulative Redeemable Perpetual Preferred Series C,G,N,N,100,5.66
GFNSL,General Finance Corporation - Senior Notes due 2021,G,N,N,100,2.55
GGAC,Garnero Group Acquisition Company - Ordinary Shares,S,N,N,100,9.39
GGACR,Garnero Group Acquisition Company - Rights expiring 6/25/2016,S,N,N,100,7.2
GGACU,Garnero Group Acquisition Company - Units,S,N,N,100,2.94
GGACW,Garnero Group Acquisition Company - Warrant expiring 6/24/2019,S,N,N,100,4.55
GIGA,Giga-tronics Incorporated - Common Stock,S,N,D,100,8.41
GIGM,GigaMedia Limited - Ordinary Shares,S,N,D,100,0.89
GILT,Gilat Satellite Networks Ltd. - Ordinary Shares,Q,N,N,100,9.04
GLAD,Gladstone Capital Corporation - Business Development Company,Q,N,N,100,1.71
GLBS,Globus Maritime Limited - Common Stock,G,N,N,100,5.42
GLBZ,Glen Burnie Bancorp - Common Stock,S,N,N,100,0.97
GLDD,Great Lakes Dredge & Dock Corporation - Common Stock,Q,N,N,100,3.82
GLDI,Credit Suisse AG - Credit Suisse Gold Shares Covered Call Exchange Traded Notes,G,N,N,100,9.5
GLMD,Galmed Pharmaceuticals Ltd. - Ordinary Shares,S,N,N,100,1.72
GLNG,Golar LNG Limited - Common Shares,Q,N,N,100,2.13
GLPG,Galapagos NV - American Depositary Shares,Q,N,N,100,5.95
GLRI,Glori Energy Inc - Common Stock,S,N,N,100,1.57
GLUU,Glu Mobile Inc. - Common Stock,Q,N,N,100,6.59
GMLP,Golar LNG Partners LP - Common Units Representing Limited Partnership,Q,N,N,100,3.03
GNMA,iShares Core GNMA Bond ETF,G,N,N,100,9.81
GNTX,Gentex Corporation - Common Stock,Q,N,N,100,0.46
GOGL,Golden Ocean Group Limited - Common Stock,Q,N,N,100,1.3
GOGO,Gogo Inc. - Common Stock,Q,N,N,100,4.47
GOLD,Randgold Resources Limited - American Depositary Shares each represented by one Ordinary Share,Q,N,N,100,2.56
GOMO,Sungy Mobile Limited - American Depositary Shares,G,N,N,100,3.32
GOOD,Gladstone Commercial Corporation - Real Estate Investment Trust,Q,N,N,100,8.6
GOODN,Gladstone Commercial Corporation - 7.125% Series C Cumulative Term Preferred Stock,Q,N,N,100,6.21
GOODO,Gladstone Commercial Corporation - 7.50% Series B Cumulative Redeemable Preferred Stock,Q,N,N,100,3.97
GOODP,Gladstone Commercial Corporation - 7.75% Series A Cumulative Redeemable Preferred Stock,Q,N,N,100,1.66
GOOG,Google Inc. - Class C Capital Stock,Q,N,N,100,4.78
GOOGL,Google Inc. - Class A Common Stock,Q,N,N,100,3.95
GPAC,Global Partner Acquisition Corp. - Common Stock,S,N,N,100,2.6
GPACU,Global Partner Acquisition Corp. - Units,S,N,N,100,9.79
GPACW,Global Partner Acquisition Corp. - Warrants,S,N,N,100,7.92
GPIA,GP Investments Acquisition Corp. - Ordinary Shares,S,N,N,100,1.2
GPIAU,GP Investments Acquisition Corp. - Unit,S,N,N,100,1.97
GPIAW,GP Investments Acquisition Corp. - Warrants,S,N,N,100,4.95
GPIC,Gaming Partners International Corporation - Common Stock,G,N,N,100,7.78
GPOR,Gulfport Energy Corporation - Common Stock,Q,N,N,100,7.78
GPP,Green Plains Partners LP - Common Units,G,N,N,100,1.41
GRID,First Trust NASDAQ Clean Edge Smart Grid Infrastructure Index Fund,G,N,N,100,9.19
GRMN,Garmin Ltd. - Common Stock,Q,N,N,100,0.54
GSM,Globe Specialty Metals Inc. - Common Stock,Q,N,N,100,6.99
GSOL,Global Sources Ltd. - Common Stock,Q,N,N,100,9.48
GSVC,GSV Capital Corp - Common Stock,S,N,N,100,7.07
GT,The Goodyear Tire & Rubber Company - Common Stock,Q,N,N,100,9.68
GTIM,Good Times Restaurants Inc. - Common Stock,S,N,N,100,4.33
GULF,WisdomTree Middle East Dividend Fund,G,N,N,100,4.41
GULTU,Gulf Coast Ultra Deep Royalty Trust - Royalty Trust Unit,S,N,D,100,0.83
GWPH,GW Pharmaceuticals Plc - American Depositary Shares,G,N,N,100,8.74
HAFC,Hanmi Financial Corporation - Common Stock,Q,N,N,100,0.83
HBAN,Huntington Bancshares Incorporated - Common Stock,Q,N,N,100,1.14
HBANP,Huntington Bancshares Incorporated - Non Cumulative Perp Conv Pfd Ser A,Q,N,N,10,5.93
HBHC,Hancock Holding Company - Common Stock,Q,N,N,100,2.26
HBHCL,Hancock Holding Company - 5.95% Subordinated Notes due 2045,Q,N,N,100,2.77
HBNC,Horizon Bancorp (IN) - Common Stock,Q,N,N,100,4.41
HCACU,Hennessy Capital Acquisition Corp. II - Unit,S,N,N,100,3.78
HCAP,Harvest Capital Credit Corporation - Common Stock,G,N,N,100,7.39
HCAPL,Harvest Capital Credit Corporation - 7.00% Notes due 2020,G,N,N,100,4.27
HDRA,Hydra Industries Acquisition Corp. - Common Stock,S,N,N,100,6.15
HDRAR,Hydra Industries Acquisition Corp. - Rights,S,N,N,100,8.85
HDRAU,Hydra Industries Acquisition Corp. - Units,S,N,N,100,2.65
HDRAW,Hydra Industries Acquisition Corp. - Warrants,S,N,N,100,9.27
HEAR,Turtle Beach Corporation - Common Stock,G,N,N,100,6.6
HELE,Helen of Troy Limited - Common Stock,Q,N,N,100,0.14
HEOP,Heritage Oaks Bancorp - Common Stock,S,N,N,100,1.69
HFFC,HF Financial Corp. - Common Stock,G,N,N,100,8.79
HFWA,Heritage Financial Corporation - Common Stock,Q,N,N,100,9.03
HIFS,Hingham Institution for Savings - Common Stock,G,N,N,100,6.7
HIHO,Highway Holdings Limited - Common Stock,S,N,N,100,9.93
HILL,Dot Hill Systems Corporation - Common Stock,G,N,N,100,5.09
HLG,Hailiang Education Group Inc. - American Depositary Shares,G,N,N,100,8.04
HLIT,Harmonic Inc. - Common Stock,Q,N,N,100,2.97
HMHC,Houghton Mifflin Harcourt Company - Common Stock,Q,N,N,100,7.34
HMNY,Helios and Matheson Analytics Inc - Common Stock,S,N,N,100,8.05
HMPR,Hampton Roads Bankshares Inc - Common Stock,Q,N,N,100,1.29
HMSY,HMS Holdings Corp - Common Stock,Q,N,N,100,0.09
HNH,Handy & Harman Ltd. - Common Stock,S,N,N,100,7.92
HNRG,Hallador Energy Company - Common Stock,S,N,N,100,7.69
HOFT,Hooker Furniture Corporation - Common Stock,Q,N,N,100,3.07
HOVNP,Hovnanian Enterprises Inc - Depositary Share representing 1/1000th of 7.625% Series A Preferred Stock,G,N,N,100,2.57
HPJ,Highpower International Inc - Common Stock,G,N,N,100,3.97
HRMN,Harmony Merger Corp. - Common Stock,S,N,N,100,2.94
HRMNU,Harmony Merger Corp. - Unit,S,N,N,100,1.09
HRMNW,Harmony Merger Corp. - Warrant,S,N,N,100,5.09
HRZN,Horizon Technology Finance Corporation - Common Stock,Q,N,N,100,4.27
HSGX,Histogenics Corporation - Common Stock,G,N,N,100,6.68
HSKA,Heska Corporation - Common Stock,S,N,N,100,2.67
HTBK,Heritage Commerce Corp - Common Stock,Q,N,N,100,9.34
HTCH,Hutchinson Technology Incorporated - Common Stock,Q,N,N,100,0.21
HURN,Huron Consulting Group Inc. - Common Stock,Q,N,N,100,2.1
HWCC,Houston Wire & Cable Company - Common Stock,Q,N,N,100,9.29
HYGS,Hydrogenics Corporation - Common Shares,G,N,N,100,3.81
HYLS,First Trust High Yield Long/Short ETF,G,N,N,100,7.38
HYND,WisdomTree BofA Merrill Lynch High Yield Bond Negative Duration Fund,G,N,N,100,7.37
HYZD,WisdomTree BofA Merrill Lynch High Yield Bond Zero Duration Fund,G,N,N,100,6.27
HZNP,Horizon Pharma plc - common stock,Q,N,N,100,7.84
IACI,IAC/InterActiveCorp - Common Stock,Q,N,N,100,3.34
IART,Integra LifeSciences Holdings Corporation - Common Stock,Q,N,N,100,0.78
IBB,iShares Nasdaq Biotechnology Index Fund,G,N,N,100,9.42
IBCP,Independent Bank Corporation - Common Stock,Q,N,N,100,5.44
IBKC,IBERIABANK Corporation - Common Stock,Q,N,N,100,4.17
IBKCP,IBERIABANK Corporation - Depositary Shares,Q,N,N,100,0.67
IBOC,International Bancshares Corporation - Common Stock,Q,N,N,100,1.47
ICAD,icad inc. - Common Stock,S,N,N,100,2.67
ICCC,ImmuCell Corporation - Common Stock,S,N,N,100,2.22
ICLN,iShares S&P Global Clean Energy Index Fund,G,N,N,100,0.42
ICLR,ICON plc - Ordinary Shares,Q,N,N,100,8.31
IEP,Icahn Enterprises L.P. - Depositary units,Q,N,N,100,3.46
IEUS,iShares MSCI Europe Small-Cap ETF,G,N,N,100,7.92
IFEU,iShares FTSE EPRA/NAREIT Europe Index Fund,G,N,N,100,9.01
IFGL,iShares FTSE EPRA/NAREIT Global Real Estate ex-U.S. Index Fund,G,N,N,100,2.08
IFON,InfoSonics Corp - Common Stock,S,N,N,100,1.22
IFV,First Trust Dorsey Wright International Focus 5 ETF,G,N,N,100,1.66
IGLD,Internet Gold Golden Lines Ltd. - Ordinary Shares,Q,N,N,100,8.94
IGOV,iShares S&P/Citigroup International Treasury Bond Fund,G,N,N,100,9.17
IIN,IntriCon Corporation - Common Stock,G,N,N,100,4.56
IIVI,II-VI Incorporated - Common Stock,Q,N,N,100,4.82
IKGH,Iao Kun Group Holding Company Limited - Ordinary Shares (Cayman Islands),G,N,N,100,2.39
IKNX,Ikonics Corporation - Common Stock,S,N,N,100,8.84
IMDZ,Immune Design Corp. - Common Stock,G,N,N,100,9.29
IMMR,Immersion Corporation - Common Stock,Q,N,N,100,8.38
IMNP,Immune Pharmaceuticals Inc. - Common Stock,S,N,N,100,7.48
IMOS,ChipMOS TECHNOLOGIES (Bermuda) LTD. - Common Shares,S,N,N,100,8.48
INAP,Internap Corporation - Common Stock,Q,N,N,100,7.88
INBK,First Internet Bancorp - Common Stock,S,N,N,100,9.51
INCY,Incyte Corporation - Common Stock,Q,N,N,100,7.92
INDB,Independent Bank Corp. - Common Stock,Q,N,N,100,1.88
INDY,iShares S&P India Nifty 50 Index Fund,G,N,N,100,9.97
INFN,Infinera Corporation - Common Stock,Q,N,N,100,4.25
INNL,Innocoll AG - American Depositary Share,G,N,N,100,7.04
INOD,Innodata Inc. - Common Stock,G,N,N,100,7.99
INPH,Interphase Corporation - Common Stock,S,N,D,100,1.49
INTC,Intel Corporation - Common Stock,Q,N,N,100,5.98
INTG,The Intergroup Corporation - Common Stock,S,N,N,100,5.06
INTL,INTL FCStone Inc. - Common Stock,Q,N,N,100,9.88
INTLL,INTL FCStone Inc. - 8.5% Senior Notes Due 2020,Q,N,N,100,8.52
INTU,Intuit Inc. - Common Stock,Q,N,N,100,9.37
IOSP,Innospec Inc. - Common Stock,Q,N,N,100,4.19
IPAS,iPass Inc. - Common Stock,Q,N,N,100,4.16
IPCC,Infinity Property and Casualty Corporation - Common Stock,Q,N,N,100,2.46
IPCI,Intellipharmaceutics International Inc. - Common Stock,S,N,N,100,5.46
IPGP,IPG Photonics Corporation - Common Stock,Q,N,N,100,0.49
IPKW,PowerShares International BuyBack Achievers Portfolio,G,N,N,100,4.39
IPWR,Ideal Power Inc. - Common Stock,S,N,N,100,9.8
IRBT,iRobot Corporation - Common Stock,Q,N,N,100,3.2
IRDM,Iridium Communications Inc - Common Stock,Q,N,N,100,3.9
IRDMB,Iridium Communications Inc - 6.75% Series B Cumulative Perpetual Convertible Preferred Stock,Q,N,N,100,8.47
IRIX,IRIDEX Corporation - Common Stock,G,N,N,100,6
IRMD,iRadimed Corporation - Common Stock,S,N,N,100,5.71
ISCA,International Speedway Corporation - Class A Common Stock,Q,N,N,100,1.05
ISHG,iShares S&P/Citigroup 1-3 Year International Treasury Bond Fund,G,N,N,100,1.13
ISIL,Intersil Corporation - Class A Common Stock,Q,N,N,100,3.12
ISTR,Investar Holding Corporation - Common Stock,G,N,N,100,7.05
ITCI,Intra-Cellular Therapies Inc. - Common Stock,Q,N,N,100,3.41
ITEK,Inotek Pharmaceuticals Corporation - Common Stock,G,N,N,100,0.38
ITIC,Investors Title Company - Common Stock,Q,N,N,100,1.09
ITRN,Ituran Location and Control Ltd. - Ordinary Shares,Q,N,N,100,1.4
ITUS,ITUS Corporation - Common Stock,S,N,N,100,6.19
IXYS,IXYS Corporation - Common Stock,Q,N,N,100,0.5
JACK,Jack In The Box Inc. - Common Stock,Q,N,N,100,4.8
JAZZ,Jazz Pharmaceuticals plc - Ordinary Shares,Q,N,N,100,3.87
JBLU,JetBlue Airways Corporation - Common Stock,Q,N,N,100,1.56
JCTCF,Jewett-Cameron Trading Company - Common Shares,S,N,N,100,8.97
JGBB,WisdomTree Japan Interest Rate Strategy Fund,G,N,N,100,0.69
JJSF,J & J Snack Foods Corp. - Common Stock,Q,N,N,100,7.64
JOEZ,Joe's Jeans Inc. - Common Stock,S,N,D,100,4.15
JOUT,Johnson Outdoors Inc. - Class A Common Stock,Q,N,N,100,0.95
JRJC,China Finance Online Co. Limited - American Depositary Shares representing 5 ordinary shares,Q,N,N,100,7.37
JST,Jinpan International Limited - Common Stock,Q,N,N,100,7.53
JTPY,JetPay Corporation - Common Stock,S,N,N,100,2.73
JXSB,Jacksonville Bancorp Inc. - Common Stock,S,N,N,100,9.58
JYNT,The Joint Corp. - Common Stock,S,N,N,100,9.71
KALU,Kaiser Aluminum Corporation - Common Stock,Q,N,N,100,1.92
KBSF,KBS Fashion Group Limited - Common Stock,S,N,E,100,1.27
KCLI,Kansas City Life Insurance Company - Common Stock,S,N,N,100,5.55
KEQU,Kewaunee Scientific Corporation - Common Stock,G,N,N,100,6.68
KEYW,The KEYW Holding Corporation - Common Stock,Q,N,N,100,9.29
KFFB,Kentucky First Federal Bancorp - Common Stock,G,N,N,100,4.84
KGJI,Kingold Jewelry Inc. - Common Stock,S,N,D,100,4.8
KHC,The Kraft Heinz Company - Common Stock,Q,N,N,100,9.93
KLAC,KLA-Tencor Corporation - Common Stock,Q,N,N,100,5.58
KLXI,KLX Inc. - Common Stock,Q,N,N,100,7.51
KMDA,Kamada Ltd. - Ordinary Shares,Q,N,N,100,0.36
KONE,Kingtone Wirelessinfo Solution Holding Ltd - American Depositary Shares,S,N,N,100,6
KOOL,Cesca Therapeutics Inc. - Common Stock,S,N,D,100,5.26
KOPN,Kopin Corporation - Common Stock,Q,N,N,100,9.66
KOSS,Koss Corporation - Common Stock,S,N,N,100,6.13
KPTI,Karyopharm Therapeutics Inc. - Common Stock,Q,N,N,100,3.78
KRNT,Kornit Digital Ltd. - Ordinary Shares,Q,N,N,100,7.82
KRNY,Kearny Financial - Common Stock,Q,N,N,100,0.23
KTCC,Key Tronic Corporation - Common Stock,G,N,N,100,4.51
KWEB,KraneShares CSI China Internet ETF,G,N,N,100,6.63
LABL,Multi-Color Corporation - Common Stock,Q,N,N,100,0.06
LALT,PowerShares Multi-Strategy Alternative Portfolio,G,N,N,100,6.81
LAMR,Lamar Advertising Company - Class A Common Stock,Q,N,N,100,9.3
LANC,Lancaster Colony Corporation - Common Stock,Q,N,N,100,7.7
LAND,Gladstone Land Corporation - Common Stock,G,N,N,100,2
LARK,Landmark Bancorp Inc. - Common Stock,G,N,N,100,2.58
LAYN,Layne Christensen Company - Common Stock,Q,N,N,100,6.1
LBIX,Leading Brands Inc - Common Shares,S,N,N,100,9.18
LBRDA,Liberty Broadband Corporation - Class A Common Stock,Q,N,N,100,6.53
LBRDK,Liberty Broadband Corporation - Class C Common Stock,Q,N,N,100,0.17
LBTYA,Liberty Global plc - Class A Ordinary Shares,Q,N,N,100,7.28
LBTYB,Liberty Global plc - Class B Ordinary Shares,Q,N,N,100,3.52
LBTYK,Liberty Global plc - Class C Ordinary Shares,Q,N,N,100,4.64
LCNB,LCNB Corporation - Common Stock,S,N,N,100,4
LDRH,LDR Holding Corporation - Common Stock,Q,N,N,100,4.51
LDRI,PowerShares LadderRite 0-5 Year Corporate Bond Portfolio,G,N,N,100,6.11
LEDS,SemiLEDS Corporation - Common Stock,Q,N,D,100,7.14
LENS,Presbia PLC - Ordinary Shares,G,N,N,100,6.82
LFVN,Lifevantage Corporation - Common Stock,S,N,D,100,9.07
LGCY,Legacy Reserves LP - Units Representing Limited Partner Interests,Q,N,N,100,2.59
LGCYO,Legacy Reserves LP - 8.00% Series B Fixed-to-Floating Rate Cumulative Redeemable Perpetual Preferred Units,Q,N,N,100,5.73
LGCYP,Legacy Reserves LP - 8% Series A Fixed-to-Floating Rate Cumulative Redeemable Perpetual Preferred Units,Q,N,N,100,0.26
LGND,Ligand Pharmaceuticals Incorporated - Common Stock,G,N,N,100,6.26
LHCG,LHC Group - common stock,Q,N,N,100,1.16
LILA,Liberty Global plc - Class A Ordinary Shares,Q,N,N,100,5.53
LILAK,Liberty Global plc - Class C Ordinary Shares,Q,N,N,100,7.39
LIME,Lime Energy Co. - Common Stock,S,N,N,100,0.35
LINC,Lincoln Educational Services Corporation - Common Stock,Q,N,N,100,8.39
LIND,Lindblad Expeditions Holdings Inc.  - Common Stock,S,N,N,100,3.25
LINDW,Lindblad Expeditions Holdings Inc.  - Warrant,S,N,N,100,9.73
LION,Fidelity Southern Corporation - Common Stock,Q,N,N,100,4.89
LITE,Lumentum Holdings Inc. - Common Stock,Q,N,N,100,7.69
LJPC,La Jolla Pharmaceutical Company - Common Stock,S,N,N,100,9.69
LKFN,Lakeland Financial Corporation - Common Stock,Q,N,N,100,5.06
LKQ,LKQ Corporation - Common Stock,Q,N,N,100,4.15
LLTC,Linear Technology Corporation - Common Stock,Q,N,N,100,7.18
LMBS,First Trust Low Duration Mortgage Opportunities ETF,G,N,N,100,8.7
LMCA,Liberty Media Corporation - Series A Common Stock,Q,N,N,100,5.33
LMCB,Liberty Media Corporation - Series B Common Stock,Q,N,N,100,3.86
LMCK,Liberty Media Corporation - Series C Common Stock,Q,N,N,100,6.01
LMNR,Limoneira Co - Common Stock,Q,N,N,100,1.35
LMNS,Lumenis Ltd. - Class B Ordinary Shares,Q,N,N,100,9.33
LMNX,Luminex Corporation - Common Stock,Q,N,N,100,5.4
LMOS,Lumos Networks Corp. - Common Stock,Q,N,N,100,4.56
LMRK,Landmark Infrastructure Partners LP - Common Units,G,N,N,100,2.11
LNDC,Landec Corporation - Common Stock,Q,N,N,100,3.9
LOGI,Logitech International S.A. - Registered Shares,Q,N,N,100,5.32
LOJN,LoJack Corporation - Common Stock,Q,N,N,100,5.58
LPCN,Lipocine Inc. - Common Stock,S,N,N,100,8.35
LPLA,LPL Financial Holdings Inc. - Common Stock,Q,N,N,100,7.54
LRAD,LRAD Corporation - Common Stock,S,N,N,100,1.1
LRCX,Lam Research Corporation - Common Stock,Q,N,N,100,7.22
LSBG,Lake Sunapee Bank Group - Common Stock,G,N,N,100,6.15
LSCC,Lattice Semiconductor Corporation - Common Stock,Q,N,N,100,6.68
LTBR,Lightbridge Corporation - Common Stock,S,N,N,100,8.65
LULU,lululemon athletica inc. - Common Stock,Q,N,N,100,6.69
LUNA,Luna Innovations Incorporated - Common Stock,S,N,N,100,9.45
LVNTA,Liberty Interactive Corporation - Series A Liberty Ventures Common Stock,Q,N,N,100,2.24
LVNTB,Liberty Interactive Corporation - Series B Liberty Ventures Common Stock,Q,N,N,100,2.19
LYTS,LSI Industries Inc. - Common Stock,Q,N,N,100,5.08
MAGS,Magal Security Systems Ltd. - Ordinary Shares,G,N,N,100,7.97
MANT,ManTech International Corporation - Class A Common Stock,Q,N,N,100,7.99
MAR,Marriott International - Class A Common Stock,Q,N,N,100,7.09
MARPS,Marine Petroleum Trust - Units of Beneficial Interest,S,N,N,100,6.85
MASI,Masimo Corporation - Common Stock,Q,N,N,100,1.58
MATR,Mattersight Corporation - Common Stock,G,N,N,100,0.45
MATW,Matthews International Corporation - Class A Common Stock,Q,N,N,100,6.83
MBCN,Middlefield Banc Corp. - Common Stock,S,N,N,100,5.32
MBFI,MB Financial Inc. - Common Stock,Q,N,N,100,3.36
MBRG,Middleburg Financial Corporation - Common Stock,S,N,N,100,5.18
MBSD,FlexShares Disciplined Duration MBS Index Fund,G,N,N,100,4.18
MBTF,M B T Financial Corp - Common Stock,Q,N,N,100,0.55
MBWM,Mercantile Bank Corporation - Common Stock,Q,N,N,100,4.99
MCBC,Macatawa Bank Corporation - Common Stock,Q,N,N,100,0.57
MCHP,Microchip Technology Incorporated - Common Stock,Q,N,N,100,2.06
MCOX,Mecox Lane Limited - American Depositary Shares,Q,N,N,100,7
MCUR,Macrocure Ltd. - Ordinary Shares,G,N,N,100,9.73
MDCA,MDC Partners Inc. - Class A Subordinate Voting Shares,Q,N,N,100,6.75
MDCO,The Medicines Company - Common Stock,Q,N,N,100,3.87
MDGS,Medigus Ltd. - American Depositary Share,S,N,N,100,4.6
MDIV,First Trust Exchange-Traded Fund VI Multi-Asset Diversified Income Index Fund,G,N,N,100,0.69
MDM,Mountain Province Diamonds Inc. - Common Stock,Q,N,N,100,5.93
MDSY,ModSys International Ltd. - Ordinary Shares,G,N,D,100,4.41
MDVX,Medovex Corp. - Common Stock,S,N,N,100,7.09
MDVXW,Medovex Corp. - Class A Warrant,S,N,N,100,2.07
MDWD,MediWound Ltd. - Ordinary Shares,G,N,N,100,5.89
MEIL,Methes Energies International Ltd - Common Stock,S,N,D,100,9.92
MEILW,Methes Energies International Ltd - Class A Warrants,S,N,N,100,1.92
MEILZ,Methes Energies International Ltd - Class B Warrants,S,N,N,100,4.52
MEMP,Memorial Production Partners LP - Common Units,Q,N,N,100,5.03
MENT,Mentor Graphics Corporation - Common Stock,Q,N,N,100,9.93
MEOH,Methanex Corporation - Common Stock,Q,N,N,100,6.8
MERC,Mercer International Inc. - Common Stock,Q,N,N,100,3.3
MFNC,Mackinac Financial Corporation - Common Stock,S,N,N,100,4.57
MFRM,Mattress Firm Holding Corp. - Common Stock,Q,N,N,100,1.76
MFSF,MutualFirst Financial Inc. - Common Stock,G,N,N,100,9.21
MGCD,MGC Diagnostics Corporation - Common Stock,S,N,N,100,2.08
MGEE,MGE Energy Inc. - Common Stock,Q,N,N,100,6.78
MGIC,Magic Software Enterprises Ltd. - Ordinary Shares,Q,N,N,100,6.65
MGRC,McGrath RentCorp - Common Stock,Q,N,N,100,7.84
MHGC,Morgans Hotel Group Co. - Common Stock,G,N,N,100,6.01
MIDD,The Middleby Corporation - Common Stock,Q,N,N,100,0.03
MITL,Mitel Networks Corporation - Common Shares,Q,N,N,100,8.55
MMLP,Martin Midstream Partners L.P. - Common Units Representing Limited Partnership Interests,Q,N,N,100,2.67
MMYT,MakeMyTrip Limited - Ordinary Shares,Q,N,N,100,1.67
MNDO,MIND C.T.I. Ltd. - Ordinary Shares,G,N,N,100,2.86
MNGA,MagneGas Corporation - Common Stcok,S,N,N,100,6.96
MNKD,MannKind Corporation - Common Stock,G,N,N,100,1.03
MNST,Monster Beverage Corporation - Common Stock,Q,N,N,100,4.05
MOBI,Sky-mobi Limited - American Depositary Shares,G,N,N,100,4.63
MOKO,MOKO Social Media Ltd. - American Depositary Shares,G,N,N,100,6.91
MOMO,Momo Inc. - American Depositary Shares,Q,N,N,100,8.62
MPB,Mid Penn Bancorp - Common Stock,G,N,N,100,9.89
MPEL,Melco Crown Entertainment Limited - American depositary shares each representing three ordinary shares,Q,N,N,100,2.88
MPET,Magellan Petroleum Corporation - Common Stock,S,N,N,100,2.24
MRCC,Monroe Capital Corporation - Common Stock,Q,N,N,100,1.45
MRCY,Mercury Systems Inc - Common Stock,Q,N,N,100,6.15
MRD,Memorial Resource Development Corp. - Common Stock,Q,N,N,100,2.46
MRGE,Merge Healthcare Incorporated. - Common Stock,Q,N,N,100,1.76
MRKT,Markit Ltd. - Common Shares,Q,N,N,100,8.53
MRLN,Marlin Business Services Corp. - Common Stock,Q,N,N,100,3.33
MRVL,Marvell Technology Group Ltd. - Common Stock,Q,N,N,100,6.83
MSBF,MSB Financial Corp. - Common Stock,G,N,N,100,8.33
MSCC,Microsemi Corporation - Common Stock,Q,N,N,100,3.57
MSEX,Middlesex Water Company - Common Stock,Q,N,N,100,7.68
MSFT,Microsoft Corporation - Common Stock,Q,N,N,100,3.24
MSLI,Merus Labs International Inc. - Common Stock,S,N,N,100,8.73
MSTR,MicroStrategy Incorporated - Class A Common Stock,Q,N,N,100,5.13
MTGE,American Capital Mortgage Investment Corp. - Common Stock,Q,N,N,100,8.57
MTGEP,American Capital Mortgage Investment Corp. - 8.125% Series A Cumulative Redeemable Preferred Stock,Q,N,N,100,1.39
MTLS,Materialise NV - American Depositary Shares,Q,N,N,100,7.37
MTRX,Matrix Service Company - Common Stock,Q,N,N,100,0.6
MTSC,MTS Systems Corporation - Common Stock,Q,N,N,100,4.75
MTSL,MER Telemanagement Solutions Ltd. - Ordinary Shares,S,N,N,100,7.63
MULT,AdvisorShares Sunrise Global Multi-Strategy ETF,G,N,N,100,8.3
MYL,Mylan N.V. - Common Stock,Q,N,N,100,0.57
MYOS,MYOS Corporation - Common Stock,S,N,N,100,8.94
MZOR,Mazor Robotics Ltd. - American Depositary Shares,G,N,N,100,7.05
NANO,Nanometrics Incorporated - Common Stock,Q,N,N,100,5.61
NATI,National Instruments Corporation - Common Stock,Q,N,N,100,5.82
NATL,National Interstate Corporation - Common Stock,Q,N,N,100,8.96
NAVI,Navient Corporation - Common Stock,Q,N,N,100,3.07
NBBC,NewBridge Bancorp - Common Stock,Q,N,N,100,4.33
NBN,Northeast Bancorp - Common Stock,G,N,N,100,9.4
NBTB,NBT Bancorp Inc. - Common Stock,Q,N,N,100,4.37
NCLH,Norwegian Cruise Line Holdings Ltd. - Ordinary Shares,Q,N,N,100,4.09
NCOM,National Commerce Corporation - Common Stock,Q,N,N,100,2.77
NCTY,The9 Limited - American Depository Shares representing one ordinary share,Q,N,N,100,8.64
NDLS,Noodles & Company - Common Stock,Q,N,N,100,5.21
NDRM,NeuroDerm Ltd. - Ordinary Shares,G,N,N,100,8.65
NDSN,Nordson Corporation - Common Stock,Q,N,N,100,7.63
NEOG,Neogen Corporation - Common Stock,Q,N,N,100,0.09
NEON,Neonode Inc. - Common Stock,S,N,N,100,9.63
NEPT,Neptune Technologies & Bioresources Inc - Ordinary Shares,S,N,N,100,9.47
NEWP,Newport Corporation - Common Stock,Q,N,N,100,7.39
NEWT,Newtek Business Services Corp. - Common Stock,S,N,N,100,4.19
NFEC,NF Energy Saving Corporation - Common Stock,S,N,N,100,5.11
NGHC,National General Holdings Corp - Common Stock,G,N,N,100,3.24
NGHCO,National General Holdings Corp - Depositary Shares,G,N,N,100,5.07
NGHCZ,National General Holdings Corp - 7.625% Subordinated Notes due 2055,G,N,N,100,7.11
NHLD,National Holdings Corporation - Common Stock,S,N,N,100,1.13
NHTC,Natural Health Trends Corp. - Commn Stock,S,N,N,100,4.93
NICE,NICE-Systems Limited - American Depositary Shares each representing one Ordinary Share,Q,N,N,100,6.45
NKTR,Nektar Therapeutics - Common Stock,Q,N,N,100,1.68
NLNK,NewLink Genetics Corporation - Common Stock,G,N,N,100,0.63
NMIH,NMI Holdings Inc - Common Stock,G,N,N,100,2.23
NMRX,Numerex Corp. - Class A Common Stock,Q,N,N,100,1.09
NRCIA,National Research Corporation - Class A Common Stock,Q,N,N,100,2.82
NRCIB,National Research Corporation - Common Stock,Q,N,N,100,5.91
NRIM,Northrim BanCorp Inc - Common Stock,Q,N,N,100,8.31
NSYS,Nortech Systems Incorporated - Common Stock,S,N,N,100,2.28
NTEC,Intec Pharma Ltd. - Ordinary Shares,S,N,N,100,9.06
NTIC,Northern Technologies International Corporation - Common Stock,G,N,N,100,7.71
NTK,Nortek Inc. - Common Stock,Q,N,N,100,0.97
NTLS,NTELOS Holdings Corp. - Common Stock,Q,N,N,100,5.21
NTRI,NutriSystem Inc - Common Stock,Q,N,N,100,3.93
NTRS,Northern Trust Corporation - Common Stock,Q,N,N,100,5.52
NTRSP,Northern Trust Corporation - Depository Shares,Q,N,N,100,4.06
NTWK,NetSol Technologies Inc. - Common Stock,S,N,N,100,1.31
NUTR,Nutraceutical International Corporation - Common Stock,Q,N,N,100,3.95
NVCN,Neovasc Inc. - Common Shares,S,N,N,100,0
NVDA,NVIDIA Corporation - Common Stock,Q,N,N,100,2.52
NVDQ,Novadaq Technologies Inc - Common Shares,G,N,N,100,0.14
NVEC,NVE Corporation - Common Stock,S,N,N,100,7.38
NVET,Nexvet Biopharma plc - Ordinary Shares,G,N,N,100,7.23
NVGN,Novogen Limited - American Depositary Shares each representing twenty five Ordinary Shares,S,N,N,100,1.95
NVIV,InVivo Therapeutics Holdings Corp. - Common Stock,G,N,N,100,4.95
NVMI,Nova Measuring Instruments Ltd. - Ordinary Shares,Q,N,N,100,0.88
NVSL,Naugatuck Valley Financial Corporation - Common Stock,G,N,N,100,0.47
NWFL,Norwood Financial Corp. - Common Stock,G,N,N,100,8.33
NWLI,National Western Life Insurance Company - Class A Common Stock,Q,N,N,100,8.19
NWPX,Northwest Pipe Company - Common Stock,Q,N,N,100,4.56
NWS,News Corporation - Class B Common Stock,Q,N,N,100,7.29
NWSA,News Corporation - Class A Common Stock,Q,N,N,100,9.17
NXPI,NXP Semiconductors N.V. - Common Stock,Q,N,N,100,2.51
NXTD,NXT-ID Inc. - Common Stock,S,N,N,100,4.03
NXTDW,NXT-ID Inc. - Warrant,S,N,N,100,1.66
NYMX,Nymox Pharmaceutical Corporation - Common Stock,S,N,N,100,9.42
OBAS,Optibase Ltd. - Ordinary Shares,G,N,N,100,7.36
OCC,Optical Cable Corporation - Common Stock,G,N,N,100,5.22
OCFC,OceanFirst Financial Corp. - Common Stock,Q,N,N,100,6.67
OFED,Oconee Federal Financial Corp. - Common Stock,S,N,N,100,5.68
OFIX,Orthofix International N.V. - Common Stock,Q,N,N,100,8.06
OFS,OFS Capital Corporation - Common Stock,Q,N,N,100,1.71
OGXI,OncoGenex Pharmaceuticals Inc. - Common Shares,S,N,N,100,9.87
OHAI,OHA Investment Corporation - Closed End Fund,Q,N,N,100,0.18
OIIM,O2Micro International Limited - Ordinary Shares each 50 shares of which are represented by an American Depositary Share,Q,N,N,100,9.19
OLED,Universal Display Corporation - Common Stock,Q,N,N,100,7.19
OMAB,Grupo Aeroportuario del Centro Norte S.A.B. de C.V. - American Depositary Shares each representing 8 Series B shares,Q,N,N,100,4.87
OMER,Omeros Corporation - Common Stock,G,N,N,100,3.3
ON,ON Semiconductor Corporation - Common Stock,Q,N,N,100,6.05
ONB,Old National Bancorp - Common Stock,Q,N,N,100,0.03
ONCS,OncoSec Medical Incorporated - Common Stock,S,N,N,100,8.95
ONEQ,Fidelity Nasdaq Composite Index Tracking Stock,G,N,N,100,2.87
ONFC,Oneida Financial Corp. - Common Stock,G,N,N,100,2.11
ONTY,Oncothyreon Inc. - Common Shares,Q,N,N,100,6.53
OPB,Opus Bank - Common Stock,Q,N,N,100,6.46
OPHT,Ophthotech Corporation - Common Stock,Q,N,N,100,0.07
OPOF,Old Point Financial Corporation - Common Stock,S,N,N,100,1.05
ORBC,ORBCOMM Inc. - Common Stock,Q,N,N,100,9.72
ORBK,Orbotech Ltd. - Ordinary Shares,Q,N,N,100,9.96
ORIG,Ocean Rig UDW Inc. - Common Stock,Q,N,N,100,5.31
ORIT,Oritani Financial Corp. - Common Stock,Q,N,N,100,0.57
ORMP,Oramed Pharmaceuticals Inc. - Common Stock,S,N,N,100,1.93
ORPN,Bio Blast Pharma Ltd. - Ordinary Shares,G,N,N,100,6.89
ORRF,Orrstown Financial Services Inc - Common Stock,S,N,N,100,4.03
OSHC,Ocean Shore Holding Co. - Common Stock,G,N,N,100,9.59
OTEL,Otelco Inc. - Common Stock,S,N,N,100,1.67
OTEX,Open Text Corporation - Common Shares,Q,N,N,100,2.52
OTIV,On Track Innovations Ltd - Ordinary Shares,G,N,N,100,9.86
OTTR,Otter Tail Corporation - Common Stock,Q,N,N,100,6
OUTR,Outerwall Inc. - Common Stock,Q,N,N,100,2.28
OVAS,OvaScience Inc. - Common Stock,G,N,N,100,7.16
OVBC,Ohio Valley Banc Corp. - Common Stock,G,N,N,100,2.11
OVLY,Oak Valley Bancorp (CA) - Common Stock,S,N,N,100,1.47
OXBR,Oxbridge Re Holdings Limited - Ordinary Shares,S,N,N,100,3.21
OXBRW,Oxbridge Re Holdings Limited - Warrant,S,N,N,100,5.48
OXFD,Oxford Immunotec Global PLC - Ordinary Shares,G,N,N,100,8.17
OXLC,Oxford Lane Capital Corp. - Common Stock,Q,N,N,100,0.2
OXLCN,Oxford Lane Capital Corp. - 8.125% Series 2024 Term Preferred Stock,Q,N,N,100,7.32
OZRK,Bank of the Ozarks - Common Stock,Q,N,N,100,7.1
PAAS,Pan American Silver Corp. - Common Stock,Q,N,N,100,2.37
PACW,PacWest Bancorp - Common Stock,Q,N,N,100,8.46
PAGG,PowerShares Global Agriculture Portfolio,G,N,N,100,6.61
PAHC,Phibro Animal Health Corporation - Class A Common Stock,G,N,N,100,7.75
PANL,Pangaea Logistics Solutions Ltd. - Common Stock,S,N,N,100,7.78
PARN,Parnell Pharmaceuticals Holdings Ltd - Ordinary Shares,G,N,N,100,5.88
PBMD,Prima BioMed Ltd - American Depositary Shares,G,N,N,100,4.45
PBPB,Potbelly Corporation - Common Stock,Q,N,N,100,4.23
PCAR,PACCAR Inc. - Common Stock,Q,N,N,100,7.88
PCBK,Pacific Continental Corporation (Ore) - Common Stock,Q,N,N,100,2.76
PCH,Potlatch Corporation - Common Stock,Q,N,N,100,8.28
PCLN,The Priceline Group Inc.  - Common Stock,Q,N,N,100,9.25
PCO,Pendrell Corporation - Class A Common Stock,Q,N,N,100,7.08
PCTY,Paylocity Holding Corporation - Common Stock,Q,N,N,100,2.87
PCYO,Pure Cycle Corporation - Common Stock,S,N,N,100,3.06
PDBC,PowerShares DB Optimum Yield Diversified Commodity Strategy Portfolio,G,N,N,100,0.18
PEBO,Peoples Bancorp Inc. - Common Stock,Q,N,N,100,5.38
PEGA,Pegasystems Inc. - Common Stock,Q,N,N,100,4.86
PEGI,Pattern Energy Group Inc. - Class A Common Stock,Q,N,N,100,9.61
PERI,Perion Network Ltd - ordinary shares,Q,N,N,100,7.46
PERY,Perry Ellis International Inc. - Common Stock,Q,N,N,100,8.43
PFBC,Preferred Bank - Common Stock,Q,N,N,100,2.91
PFBX,Peoples Financial Corporation - Common Stock,S,N,N,100,6.32
PFIS,Peoples Financial Services Corp.  - Common Stock,Q,N,N,100,7.88
PFLT,PennantPark Floating Rate Capital Ltd. - Common Stock,Q,N,N,100,3.95
PFMT,Performant Financial Corporation - Common Stock,Q,N,N,100,5.17
PGC,Peapack-Gladstone Financial Corporation - Common Stock,Q,N,N,100,6.44
PGLC,Pershing Gold Corporation - Common Stock,G,N,N,100,0.45
PGNX,Progenics Pharmaceuticals Inc. - Common Stock,Q,N,N,100,7.65
PICO,PICO Holdings Inc. - Common Stock,Q,N,N,100,8.85
PKOH,Park-Ohio Holdings Corp. - Common Stock,Q,N,N,100,3.07
PLBC,Plumas Bancorp - Common Stock,S,N,N,100,9.33
PLPC,Preformed Line Products Company - Common Stock,Q,N,N,100,3
PLTM,First Trust ISE Global Platinum Index Fund,G,N,N,100,8.29
PLUS,ePlus inc. - Common Stock,Q,N,N,100,1.55
PLXS,Plexus Corp. - Common Stock,Q,N,N,100,2.6
PMBC,Pacific Mercantile Bancorp - Common Stock,Q,N,N,100,4.38
PMD,Psychemedics Corporation - Common Stock,S,N,N,100,8.48
PME,Pingtan Marine Enterprise Ltd. - Ordinary Shares,S,N,N,100,5.69
PNBK,Patriot National Bancorp Inc. - Common Stock,G,N,N,100,9.28
PNNT,PennantPark Investment Corporation - common stock,Q,N,N,100,9.8
PNQI,PowerShares Nasdaq Internet Portfolio,G,N,N,100,0.58
PNRA,Panera Bread Company - Class A Common Stock,Q,N,N,100,7.78
PNRG,PrimeEnergy Corporation - Common Stock,S,N,N,100,5.14
PNTR,Pointer Telocation Ltd. - Ordinary Shares,S,N,N,100,7.22
PODD,Insulet Corporation - Common Stock,Q,N,N,100,7.14
POOL,Pool Corporation - Common Stock,Q,N,N,100,3.67
POPE,Pope Resources - Limited Partnership,S,N,N,100,9.19
PPBI,Pacific Premier Bancorp Inc - Common Stock,Q,N,N,100,1.12
PPC,Pilgrim's Pride Corporation - Common Stock,Q,N,N,100,0.78
PPHM,Peregrine Pharmaceuticals Inc. - Common Stock,S,N,N,100,8.26
PPHMP,Peregrine Pharmaceuticals Inc. - 10.50% Series E Convertible Preferred Stock,S,N,N,100,5.66
PRAN,Prana Biotechnology Ltd - American Depositary Shares each representing ten Ordinary Shares,S,N,N,100,6.73
PRFZ,PowerShares FTSE RAFI US 1500 Small-Mid Portfolio,G,N,N,100,9.12
PRGN,Paragon Shipping Inc. - Common Stock,G,N,D,100,6.37
PRGNL,Paragon Shipping Inc. - 8.375% Senior Notes due 2021,G,N,N,100,6.8
PRGS,Progress Software Corporation - Common Stock,Q,N,N,100,9.12
PRIM,Primoris Services Corporation - Common Stock,Q,N,N,100,5.63
PRMW,Primo Water Corporation - Common Stock,G,N,N,100,9.27
PRQR,ProQR Therapeutics N.V. - Ordinary Shares,G,N,N,100,2.14
PRSC,The Providence Service Corporation - Common Stock,Q,N,D,100,3.79
PRSN,Perseon Corporation - Common Stock,S,N,N,100,8.68
PRSNW,Perseon Corporation - Warrants,S,N,N,100,5.33
PRSS,CafePress Inc. - Common Stock,Q,N,N,100,3.21
PRTA,Prothena Corporation plc - Ordinary Shares,Q,N,N,100,5.59
PRXL,PAREXEL International Corporation - Common Stock,Q,N,N,100,3.82
PSAU,PowerShares Global Gold & Precious Metals Portfolio,G,N,N,100,9.83
PSCC,PowerShares S&P SmallCap Consumer Staples Portfolio,G,N,N,100,1.18
PSCD,PowerShares S&P SmallCap Consumer Discretionary Portfolio,G,N,N,100,0.61
PSCE,PowerShares S&P SmallCap Energy Portfolio,G,N,N,100,8.95
PSCF,PowerShares S&P SmallCap Financials Portfolio,G,N,N,100,2.5
PSCH,PowerShares S&P SmallCap Health Care Portfolio,G,N,N,100,5.59
PSCI,PowerShares S&P SmallCap Industrials Portfolio,G,N,N,100,0.99
PSCM,PowerShares S&P SmallCap Materials Portfolio,G,N,N,100,6.19
PSCT,PowerShares S&P SmallCap Information Technology Portfolio,G,N,N,100,9.48
PSCU,PowerShares S&P SmallCap Utilities Portfolio,G,N,N,100,7.62
PSDV,pSivida Corp. - Common Stock,G,N,N,100,3.16
PSEC,Prospect Capital Corporation - Common Stock,Q,N,N,100,5.12
PSEM,Pericom Semiconductor Corporation - Common Stock,Q,N,N,100,3.39
PSTB,Park Sterling Corporation - Common Stock,Q,N,N,100,8.29
PTC,PTC Inc. - Common Stock,Q,N,N,100,1.68
PTIE,Pain Therapeutics - Common Stock,Q,N,N,100,2.23
PTNT,Internet Patents Corporation - Common Stock,S,N,N,100,0.84
PUB,People's Utah Bancorp - Common Stock,S,N,N,100,7.97
PULB,Pulaski Financial Corp. - Common Stock,Q,N,N,100,2.51
PWX,Providence and Worcester Railroad Company - Common Stock,G,N,N,100,2.42
QABA,First Trust NASDAQ ABA Community Bank Index Fund,G,N,N,100,9.26
QADA,QAD Inc. - Class A Common Stock,Q,N,N,100,2.7
QADB,QAD Inc. - Common Stock,Q,N,N,100,0.01
QAT,iShares MSCI Qatar Capped ETF,G,N,N,100,4.73
QBAK,Qualstar Corporation - Common Stock,S,N,N,100,3.88
QCLN,First Trust NASDAQ Clean Edge Green Energy Index Fund,G,N,N,100,4.64
QCOM,QUALCOMM Incorporated - Common Stock,Q,N,N,100,7.52
QDEL,Quidel Corporation - Common Stock,Q,N,N,100,7.7
QGEN,Qiagen N.V. - Common Shares,Q,N,N,100,2.27
QINC,First Trust RBA Quality Income ETF,G,N,N,100,4.39
QIWI,QIWI plc - American Depositary Shares,Q,N,N,100,7.03
QLGC,QLogic Corporation - Common Stock,Q,N,N,100,3.86
QLIK,Qlik Technologies Inc. - Common Stock,Q,N,N,100,4.3
QLTI,QLT Inc. - Common Shares,Q,N,N,100,6.62
QPAC,Quinpario Acquisition Corp. 2 - Common Stock,S,N,N,100,4.22
QPACU,Quinpario Acquisition Corp. 2 - Unit,S,N,N,100,7.14
QPACW,Quinpario Acquisition Corp. 2 - Warrant,S,N,N,100,9.56
QQEW,First Trust NASDAQ-100 Equal Weighted Index Fund,G,N,N,100,9.71
QQQC,Global X NASDAQ China Technology ETF,G,N,N,100,1.55
QQQX,Nuveen NASDAQ 100 Dynamic Overwrite Fund - Shares of Beneficial Interest,Q,N,N,100,9.74
QQXT,First Trust NASDAQ-100 Ex-Technology Sector Index Fund,G,N,N,100,6.61
QRHC,Quest Resource Holding Corporation. - Common Stock,S,N,D,100,6.75
QTEC,First Trust NASDAQ-100- Technology Index Fund,G,N,N,100,8.88
QTNT,Quotient Limited - Ordinary Shares,G,N,N,100,6.23
QTNTW,Quotient Limited - Warrant,G,N,N,100,1.77
QUIK,QuickLogic Corporation - Common Stock,G,N,N,100,7.86
QUMU,Qumu Corporation - Common Stock,Q,N,N,100,4.21
QUNR,Qunar Cayman Islands Limited - American Depositary Shares,G,N,N,100,5.89
QURE,uniQure N.V. - Ordinary Shares,Q,N,N,100,7.47
QVCA,Liberty Interactive Corporation - Series A QVC Group Common Stock,Q,N,N,100,3.79
QVCB,Liberty Interactive Corporation - Series B QVC Group Common Stock,Q,N,N,100,5.6
QYLD,Recon Capital NASDAQ-100 Covered Call ETF,G,N,N,100,7.97
RADA,Rada Electronics Industries Limited - Ordinary Shares,S,N,N,100,7.01
RAND,Rand Capital Corporation - Common Stock ($0.10 Par Value),S,N,N,100,1.1
RARE,Ultragenyx Pharmaceutical Inc. - Common Stock,Q,N,N,100,0.85
RCII,Rent-A-Center Inc. - Common Stock,Q,N,N,100,6.79
RDCM,Radcom Ltd. - Ordinary Shares,S,N,N,100,4.64
RDHL,Redhill Biopharma Ltd. - American Depositary Shares,S,N,N,100,0.56
RDI,Reading International Inc - Class A Non-voting Common Stock,S,N,N,100,0.74
RDIB,Reading International Inc - Class B Voting Common Stock,S,N,N,100,1.01
RDVY,First Trust NASDAQ Rising Dividend Achievers ETF,G,N,N,100,6.06
RDWR,Radware Ltd. - Ordinary Shares,Q,N,N,100,6.41
REFR,Research Frontiers Incorporated - Common Stock,S,N,N,100,9.95
RENT,Rentrak Corporation - Common Stock,Q,N,N,100,6.38
RESN,Resonant Inc. - Common Stock,S,N,N,100,7.69
REXX,Rex Energy Corporation - Common Stock,Q,N,N,100,3.68
RGCO,RGC Resources Inc. - Common Stock,G,N,N,100,5.99
RGEN,Repligen Corporation - Common Stock,Q,N,N,100,4.09
RGLS,Regulus Therapeutics Inc. - Common Stock,G,N,N,100,5.28
RIBT,RiceBran Technologies - Common Stock,S,N,N,100,3
RIBTW,RiceBran Technologies - Warrant,S,N,N,100,0.11
RITT,RIT Technologies Ltd. - ordinary shares,S,N,N,100,4.98
RITTW,RIT Technologies Ltd. - Warrants,S,N,N,100,5.25
RIVR,River Valley Bancorp. - Common Stock,S,N,N,100,5.48
RMGN,RMG Networks Holding Corporation - Common Stock,G,N,D,100,8.21
RNST,Renasant Corporation - Common Stock,Q,N,N,100,2.89
ROBO,Robo-Stox Global Robotics and Automation Index ETF,G,N,N,100,1.1
ROIC,Retail Opportunity Investments Corp. - Common Stock,Q,N,N,100,6.35
ROIQ,ROI Acquisition Corp. II - Common Stock,S,N,D,100,1.57
ROIQU,ROI Acquisition Corp. II - Units,S,N,D,100,6.21
ROIQW,ROI Acquisition Corp. II - Warrants,S,N,D,100,7.94
ROLL,RBC Bearings Incorporated - Common Stock,Q,N,N,100,5.35
ROSG,Rosetta Genomics Ltd. - ordinary shares,S,N,N,100,4.21
ROVI,Rovi Corporation - Common Stock,Q,N,N,100,3.3
RPRX,Repros Therapeutics Inc. - Common Stock,S,N,N,100,0.9
RPRXW,Repros Therapeutics Inc. - Series A Warrant,S,N,N,100,2.15
RPRXZ,Repros Therapeutics Inc. - Series B warrant,S,N,N,100,3.86
RPTP,Raptor Pharmaceutical Corp. - Common Stock,G,N,N,100,0.51
RPXC,RPX Corporation - Common Stock,Q,N,N,100,1.42
RRD,R.R. Donnelley & Sons Company - Common Stock,Q,N,N,100,0.42
RRM,RR Media Ltd. - Ordinary Shares,Q,N,N,100,8.64
RSYS,RadiSys Corporation - Common Stock,Q,N,N,100,9.62
RUN,Sunrun Inc. - Common Stock,Q,N,N,100,2.97
RVSB,Riverview Bancorp Inc - Common Stock,Q,N,N,100,0.12
RWLK,ReWalk Robotics Ltd - Ordinary Shares,G,N,N,100,9.61
RXII,RXi Pharmaceuticals Corporation - Common Stock,S,N,D,100,7.77
SABR,Sabre Corporation - Common Stock,Q,N,N,100,1.44
SAMG,Silvercrest Asset Management Group Inc. - Common Stock,G,N,N,100,5.51
SANM,Sanmina Corporation - Common Stock,Q,N,N,100,8.57
SANW,S&W Seed Company - Common Stock,S,N,N,100,1.58
SATS,EchoStar Corporation - common stock,Q,N,N,100,4.81
SBAC,SBA Communications Corporation - Common Stock,Q,N,N,100,0.53
SBBX,Sussex Bancorp - Common Stock,G,N,N,100,9.38
SBCF,Seacoast Banking Corporation of Florida - Common Stock,Q,N,N,100,3.66
SBLK,Star Bulk Carriers Corp. - Common Stock,Q,N,N,100,7.1
SBLKL,Star Bulk Carriers Corp. - 8.00% Senior Notes Due 2019,Q,N,N,100,1.18
SBNY,Signature Bank - Common Stock,Q,N,N,100,5.98
SBNYW,Signature Bank - Warrants 12/12/2018,Q,N,N,100,2.95
SBUX,Starbucks Corporation - Common Stock,Q,N,N,100,8.97
SCHL,Scholastic Corporation - Common Stock,Q,N,N,100,6.76
SCON,Superconductor Technologies Inc. - Common Stock,S,N,N,100,5.44
SCSS,Select Comfort Corporation - Common Stock,Q,N,N,100,6.03
SCTY,SolarCity Corporation - Common Stock,Q,N,N,100,3.98
SEED,Origin Agritech Limited - Common Stock,Q,N,N,100,9.32
SEIC,SEI Investments Company - Common Stock,Q,N,N,100,0.06
SEMI,SunEdison Semiconductor Limited - Ordinary Shares,Q,N,N,100,4.1
SENEA,Seneca Foods Corp. - Class A Common Stock,Q,N,N,100,5.35
SENEB,Seneca Foods Corp. - Class B Common Stock,Q,N,N,100,6.81
SFNC,Simmons First National Corporation - Common Stock,Q,N,N,100,8.44
SGBK,Stonegate Bank - Common Stock,Q,N,N,100,8.36
SGI,Silicon Graphics International Corp - Common Stock,Q,N,N,100,9.05
SGMS,Scientific Games Corp - Class A Common Stock,Q,N,N,100,7.9
SHBI,Shore Bancshares Inc - Common Stock,Q,N,N,100,8.85
SHEN,Shenandoah Telecommunications Co - Common Stock,Q,N,N,100,4.73
SHIP,Seanergy Maritime Holdings Corp - Common Stock,S,N,D,100,5.58
SHLD,Sears Holdings Corporation - Common Stock,Q,N,N,100,6.55
SHLDW,Sears Holdings Corporation - Warrant,Q,N,N,100,8.98
SIAL,Sigma-Aldrich Corporation - Common Stock,Q,N,N,100,7.84
SIEB,Siebert Financial Corp. - Common Stock,S,N,N,100,8.56
SILC,Silicom Ltd - Ordinary Shares,Q,N,N,100,0.87
SINA,Sina Corporation - Ordinary Shares,Q,N,N,100,1.04
SIRI,Sirius XM Holdings Inc. - Common Stock,Q,N,N,100,3.5
SIVB,SVB Financial Group - Common Stock,Q,N,N,100,6.12
SIVBO,SVB Financial Group - 7% Cumulative Trust Preferred Securities - SVB Capital II,Q,N,N,100,6.56
SKBI,Skystar Bio-Pharmaceutical Company - Common Stock,S,N,E,100,6.56
SKLN,Skyline Medical Inc. - Common Stock,S,N,N,100,2.14
SKLNU,Skyline Medical Inc. - Unit,S,N,N,100,3.61
SKOR,FlexShares Credit-Scored US Corporate Bond Index Fund,G,N,N,100,6.34
SKYY,First Trust ISE Cloud Computing Index Fund,G,N,N,100,3.46
SLGN,Silgan Holdings Inc. - Common Stock,Q,N,N,100,5.22
SLM,SLM Corporation - Common Stock,Q,N,N,100,8.61
SLRC,Solar Capital Ltd. - Common Stock,Q,N,N,100,4.78
SLVO,Credit Suisse AG - Credit Suisse Silver Shares Covered Call Exchange Traded Notes,G,N,N,100,9.3
SMAC,Sino Mercury Acquisition Corp. - Common Stock,S,N,N,100,2.82
SMACR,Sino Mercury Acquisition Corp. - Right,S,N,N,100,1.67
SMACU,Sino Mercury Acquisition Corp. - Unit,S,N,N,100,6.89
SMCP,AlphaMark Actively Managed Small Cap ETF,G,N,N,100,0.08
SMED,Sharps Compliance Corp - Common Stock,S,N,N,100,2.47
SMMT,Summit Therapeutics plc - American Depositary Shares,G,N,N,100,2.62
SMT,SMART Technologies Inc. - Common Shares,Q,N,D,100,8.36
SMTC,Semtech Corporation - Common Stock,Q,N,N,100,4.95
SMTX,SMTC Corporation - Common Stock,G,N,N,100,0.27
SNDK,SanDisk Corporation - Common Stock,Q,N,N,100,6.3
SNFCA,Security National Financial Corporation - Class A Common Stock,G,N,N,100,7.08
SNHY,Sun Hydraulics Corporation - Common Stock,Q,N,N,100,7.44
SNTA,Synta Pharmaceuticals Corp. - Common Stock,G,N,N,100,0.5
SOCB,Southcoast Financial Corporation - Common Stock,G,N,N,100,6.33
SOCL,Global X Social Media Index ETF,G,N,N,100,6.57
SODA,SodaStream International Ltd. - Ordinary Shares,Q,N,N,100,2.24
SOHO,Sotherly Hotels Inc. - Common Stock,G,N,N,100,3.64
SOHOL,Sotherly Hotels LP - 8.00% Senior Unsecured Notes Due 2018,G,N,N,100,8.38
SOHOM,Sotherly Hotels LP - 7.00% Senior Notes,G,N,N,100,6.38
SOHU,Sohu.com Inc. - Common Stock,Q,N,N,100,7.28
SONC,Sonic Corp. - Common Stock,Q,N,N,100,5.66
SOXX,iShares PHLX SOX Semiconductor Sector Index Fund,G,N,N,100,1.54
SP,SP Plus Corporation - Common Stock,Q,N,N,100,9.64
SPEX,Spherix Incorporated - Common Stock,S,N,D,100,8.68
SPLK,Splunk Inc. - Common Stock,Q,N,N,100,5.32
SPNC,The Spectranetics Corporation - Common Stock,Q,N,N,100,2.81
SPNE,SeaSpine Holdings Corporation - Common Stock,Q,N,N,100,9.59
SPNS,Sapiens International Corporation N.V. - Common Shares,S,N,N,100,6.32
SPRO,SmartPros Ltd. - Common Stock,S,N,N,100,7.18
SPTN,SpartanNash Company - Common Stock,Q,N,N,100,1.17
SPWR,SunPower Corporation - Common Stock,Q,N,N,100,6.08
SQQQ,ProShares UltraPro Short QQQ,G,N,N,100,2.89
SRCE,1st Source Corporation - Common Stock,Q,N,N,100,7.25
SRET,Global X SuperDividend REIT ETF,G,N,N,100,8.2
SRSC,Sears Canada Inc.  - Common Shares,Q,N,N,100,9.3
SSB,South State Corporation - Common Stock,Q,N,N,100,1.44
SSBI,Summit State Bank - Common Stock,G,N,N,100,0.17
SSFN,Stewardship Financial Corp - Common Stock,S,N,N,100,7.45
SSH,Sunshine Heart Inc - Common Stock,S,N,N,100,0.43
SSRG,Symmetry Surgical Inc. - Common Stock,G,N,N,100,9.81
SSRI,Silver Standard Resources Inc. - Common Stock,Q,N,N,100,4.64
STAA,STAAR Surgical Company - Common Stock,G,N,N,100,8.41
STB,Student Transportation Inc - Common shares,Q,N,N,100,3.89
STBZ,State Bank Financial Corporation. - Common Stock,S,N,N,100,3.55
STDY,SteadyMed Ltd. - Ordinary Shares,G,N,N,100,8.96
STFC,State Auto Financial Corporation - Common Stock,Q,N,N,100,3.67
STMP,Stamps.com Inc. - Common Stock,Q,N,N,100,1.3
STNR,Steiner Leisure Limited - Common Shares,Q,N,N,100,3.41
STPP,Barclays PLC - iPath US Treasury Steepener ETN,G,N,N,100,2.24
STRL,Sterling Construction Company Inc - Common Stock,Q,N,N,100,5.83
STRT,Strattec Security Corporation - Common Stock,G,N,N,100,0.4
STRZA,Starz - Series A Common Stock,Q,N,N,100,0.3
STRZB,Starz - Series B Common Stock,Q,N,N,100,3.74
STX,Seagate Technology. - Common Stock,Q,N,N,100,8.84
SUBK,Suffolk Bancorp - Common Stock,Q,N,N,100,8.27
SUNS,Solar Senior Capital Ltd. - Common Stock,Q,N,N,100,8.35
SVBI,Severn Bancorp Inc - Common Stock,S,N,N,100,0.81
SWHC,Smith & Wesson Holding Corporation - Common Stock,Q,N,N,100,6.64
SXCL,Steel Excel Inc. - Common Stock,S,N,N,100,6.01
SYMC,Symantec Corporation - Common Stock,Q,N,N,100,6.6
SYNA,Synaptics Incorporated - Common Stock,Q,N,N,100,0.12
SYNL,Synalloy Corporation - Common Stock,G,N,N,100,4.31
SYRX,Sysorex Global Holding Corp. - Common Stock,S,N,N,100,0.74
SZMK,Sizmek Inc. - Common Stock,Q,N,N,100,3.1
TACT,TransAct Technologies Incorporated - Common Stock,G,N,N,100,4.6
TAIT,Taitron Components Incorporated - Class A Common Stock,S,N,N,100,7.93
TANH,Tantech Holdings Ltd. - Common Stock,S,N,N,100,9.69
TAPR,Barclays PLC - Barclays Inverse US Treasury Composite ETN,G,N,N,100,4.04
TATT,TAT Technologies Ltd. - Ordinary Shares,G,N,N,100,3.55
TAXI,Medallion Financial Corp. - Common Stock,Q,N,N,100,2.27
TBNK,Territorial Bancorp Inc. - Common Stock,Q,N,N,100,2.12
TCBK,TriCo Bancshares - Common Stock,Q,N,N,100,3.86
TCCO,Technical Communications Corporation - Common Stock,S,N,N,100,5.23
TCFC,The Community Financial Corporation - Common Stock,S,N,N,100,7.26
TCPC,TCP Capital Corp. - Common Stock,Q,N,N,100,9.85
TCX,Tucows Inc. - Common Stock,S,N,N,100,2.34
TDIV,First Trust Exchange-Traded Fund VI First Trust NASDAQ Technology Dividend Index Fund,G,N,N,100,9.58
TEAR,TearLab Corporation - Common Stock,S,N,N,100,4.56
TECD,Tech Data Corporation - Common Stock,Q,N,N,100,9.02
TECH,Bio-Techne Corp - Common Stock,Q,N,N,100,9.06
TECU,Tecumseh Products Company - Common Stock,Q,N,N,100,3.77
TESO,Tesco Corporation - Common Stock,Q,N,N,100,1.46
TESS,TESSCO Technologies Incorporated - Common Stock,Q,N,N,100,4.69
TFSC,1347 Capital Corp. - Common Stock,S,N,D,100,6.63
TFSCR,1347 Capital Corp. - Right,S,N,N,100,5.91
TFSCU,1347 Capital Corp. - Unit,S,N,N,100,0.23
TFSCW,1347 Capital Corp. - Warrant,S,N,N,100,2.47
TFSL,TFS Financial Corporation - Common Stock,Q,N,N,100,0.02
TGA,Transglobe Energy Corp - Ordinary Shares,Q,N,N,100,0.09
TGEN,Tecogen Inc. - Common Stock,S,N,N,100,3.1
TGLS,Tecnoglass Inc. - Ordinary Shares,S,N,N,100,5.84
THFF,First Financial Corporation Indiana - Common Stock,Q,N,N,100,4.11
THOR,Thoratec Corporation - Common Stock,Q,N,N,100,4.32
THRM,Gentherm Inc - Common Stock,Q,N,N,100,6.03
TICC,TICC Capital Corp. - Closed End Fund,Q,N,N,100,6.37
TIGR,TigerLogic Corporation - Common Stock,S,N,D,100,4.52
TIL,Till Capital Ltd. - Restricted Voting Shares,S,N,N,100,4.33
TIPT,Tiptree Financial Inc. - Class A Common Stock,S,N,N,100,6.15
TITN,Titan Machinery Inc. - Common Stock,Q,N,N,100,7.27
TIVO,TiVo Inc. - Common Stock,Q,N,N,100,7.27
TLOG,TetraLogic Pharmaceuticals Corporation - Common Stock,G,N,N,100,2.45
TNXP,Tonix Pharmaceuticals Holding Corp. - Common Stock,G,N,N,100,9.7
TOPS,TOP Ships Inc. - Common Stock,Q,N,N,100,1.47
TOR,Sutor Technology Group Limited - Common Stock,S,N,N,100,1.64
TORM,TOR Minerals International Inc - Common Stock,S,N,N,100,0.69
TOUR,Tuniu Corporation - American Depositary Shares,G,N,N,100,0.35
TOWN,Towne Bank - Common Stock,Q,N,N,100,0.15
TQQQ,ProShares UltraPro QQQ,G,N,N,100,0.42
TRCB,Two River Bancorp - Common Stock,G,N,N,100,0.62
TRIB,Trinity Biotech plc - American Depositary Shares each representing 4 A Ordinary Shares,Q,N,N,100,0.11
TRIL,Trillium Therapeutics Inc. - Common Shares,S,N,N,100,9.38
TRMB,Trimble Navigation Limited - Common Stock,Q,N,N,100,3.07
TRMK,Trustmark Corporation - Common Stock,Q,N,N,100,7.74
TRNX,Tornier N.V. - Ordinary Shares,Q,N,N,100,3.56
TRS,TriMas Corporation - Common Stock,Q,N,N,100,9.85
TRST,TrustCo Bank Corp NY - Common Stock,Q,N,N,100,3.03
TRTL,Terrapin 3 Acquisition Corporation - Class A Common Stock,S,N,N,100,1.83
TRTLU,Terrapin 3 Acquisition Corporation - Units,S,N,N,100,4.05
TRTLW,Terrapin 3 Acquisition Corporation - Warrants,S,N,N,100,1.42
TSCO,Tractor Supply Company - Common Stock,Q,N,N,100,3.37
TSEM,Tower Semiconductor Ltd. - Ordinary Shares,Q,N,N,100,4.52
TSLA,Tesla Motors Inc. - Common Stock,Q,N,N,100,8.46
TUES,Tuesday Morning Corp. - Common Stock,Q,N,N,100,1.76
TUSA,First Trust Total US Market AlphaDEX ETF,G,N,N,100,1.05
TUTI,Tuttle Tactical Management Multi-Strategy Income ETF,G,N,N,100,5.49
TUTT,Tuttle Tactical Management U.S. Core ETF,G,N,N,100,0.77
TVIX,Credit Suisse AG - VelocityShares Daily 2x VIX Short Term ETN,G,N,N,100,8.08
TVIZ,Credit Suisse AG - VelocityShares Daily 2x VIX Medium Term ETN,G,N,N,100,5.02
TW,Towers Watson & Co. - Common Stock Class A,Q,N,N,100,3.53
TWER,Towerstream Corporation - Common Stock,S,N,N,100,4.9
TWMC,Trans World Entertainment Corp. - Common Stock,G,N,N,100,7.42
TXN,Texas Instruments Incorporated - Common Stock,Q,N,N,100,4.22
TYPE,Monotype Imaging Holdings Inc. - Common Stock,Q,N,N,100,7.92
TZOO,Travelzoo Inc. - Common Stock,Q,N,N,100,9.64
UAE,iShares MSCI UAE Capped ETF,G,N,N,100,4.5
UBFO,United Security Bancshares - Common Stock,Q,N,N,100,3.37
UBIO,Proshares UltraPro NASDAQ Biotechnology,G,N,N,100,3.99
UBND,WisdomTree Western Asset Unconstrained Bond Fund,G,N,N,100,4.84
UBSH,Union Bankshares Corporation - Common Stock,Q,N,N,100,5.83
UCBA,United Community Bancorp - Common Stock,G,N,N,100,8.76
UCFC,United Community Financial Corp. - Common Stock,Q,N,N,100,2.69
UDF,United Development Funding IV - Common Shares of Beneficial Interest,Q,N,N,100,2.84
UEIC,Universal Electronics Inc. - Common Stock,Q,N,N,100,0.3
UGLD,Credit Suisse AG - VelocityShares 3x Long Gold ETN,G,N,N,100,9.29
UHAL,Amerco - Common Stock,Q,N,N,100,8.84
UIHC,United Insurance Holdings Corp. - Common Stock,S,N,N,100,1.67
UK,Recon Capital FTSE 100 ETF,G,N,N,100,6.95
ULBI,Ultralife Corporation - Common Stock,G,N,N,100,8.83
ULTR,Ultrapetrol (Bahamas) Limited - common stock,Q,N,D,100,6.59
UMBF,UMB Financial Corporation - Common Stock,Q,N,N,100,7.45
UMPQ,Umpqua Holdings Corporation - Common Stock,Q,N,N,100,0.66
UNAM,Unico American Corporation - Common Stock,G,N,N,100,8.25
UNIS,Unilife Corporation - Common Stock,G,N,N,100,2.93
USEG,U.S. Energy Corp. - Common Stock,S,N,D,100,7.73
USLV,Credit Suisse AG - VelocityShares 3x Long Silver ETN,G,N,N,100,1.98
UTHR,United Therapeutics Corporation - Common Stock,Q,N,N,100,9.81
UTIW,UTi Worldwide Inc. - Ordinary Shares,Q,N,N,100,5.66
UTSI,UTStarcom Holdings Corp - Ordinary Shares,Q,N,N,100,2.12
UVSP,Univest Corporation of Pennsylvania - Common Stock,Q,N,N,100,0.94
VA,Virgin America Inc. - Common Stock,Q,N,N,100,0.01
VALX,Validea Market Legends ETF,G,N,N,100,4.37
VBFC,Village Bank and Trust Financial Corp. - Common Stock,S,N,N,100,1.95
VBIV,VBI Vaccines Inc. - Common Stock,S,N,N,100,2.24
VBLT,Vascular Biogenics Ltd. - Ordinary Shares,G,N,N,100,0.66
VBND,Vident Core U.S. Bond Strategy Fund,G,N,N,100,6.71
VCEL,Vericel Corporation - Common Stock,S,N,N,100,6.85
VCIT,Vanguard Intermediate-Term Corporate Bond ETF,G,N,N,100,6.61
VCLT,Vanguard Long-Term Corporate Bond ETF,G,N,N,100,1.17
VCSH,Vanguard Short-Term Corporate Bond ETF,G,N,N,100,3.29
VDTH,Videocon d2h Limited - American Depositary Shares,Q,N,N,100,8.88
VECO,Veeco Instruments Inc. - Common Stock,Q,N,N,100,9.85
VGGL,Viggle Inc. - Common Stock,S,N,N,100,0.82
VGIT,Vanguard Intermediate -Term Government Bond ETF,G,N,N,100,3.86
VGLT,Vanguard Long-Term Government Bond ETF,G,N,N,100,8.16
VGSH,Vanguard Short-Term Government ETF,G,N,N,100,5.28
VIA,Viacom Inc. - Class A Common Stock,Q,N,N,100,7.14
VIAB,Viacom Inc. - Class B Common Stock,Q,N,N,100,7.19
VIAV,Viavi Solutions Inc. - Common Stock,Q,N,N,100,6.21
VICL,Vical Incorporated - Common Stock,Q,N,D,100,6.42
VICR,Vicor Corporation - Common Stock,Q,N,N,100,7.95
VIDI,Vident International Equity Fund,G,N,N,100,8.58
VIIX,Credit Suisse AG - VelocityShares VIX Short Term ETN,G,N,N,100,0.4
VIIZ,Credit Suisse AG - VelocityShares VIX Medium Term ETN,G,N,N,100,7.55
VIP,VimpelCom Ltd. - American Depositary Shares,Q,N,N,100,5.76
VIRC,Virco Manufacturing Corporation - Common Stock,G,N,N,100,7.54
VIVO,Meridian Bioscience Inc. - Common Stock,Q,N,N,100,8.19
VLTC,Voltari Corporation - Common Stock,S,N,N,100,4.12
VMBS,Vanguard Mortgage-Backed Securities ETF,G,N,N,100,0.37
VNDA,Vanda Pharmaceuticals Inc. - Common Stock,G,N,N,100,9.73
VNOM,Viper Energy Partners LP - Common Unit,Q,N,N,100,1.91
VNQI,Vanguard Global ex-U.S. Real Estate ETF,G,N,N,100,8.95
VNR,Vanguard Natural Resources LLC - Common Units,Q,N,N,100,4.87
VNRAP,Vanguard Natural Resources LLC - 7.875% Series A Cumulative Redeemable Perpetual Preferred Unit,Q,N,N,100,9.38
VNRBP,Vanguard Natural Resources LLC - 7.625% Series B Cumulative Redeemable Perpetual Preferred Unit,Q,N,N,100,8.86
VNRCP,Vanguard Natural Resources LLC - 7.75% Series C Cumulative Redeemable Perpetual Preferred Unit,Q,N,N,100,4.47
VOD,Vodafone Group Plc - American Depositary Shares each representing ten Ordinary Shares,Q,N,N,100,7.37
VONE,Vanguard Russell 1000 ETF,G,N,N,100,3.75
VONG,Vanguard Russell 1000 Growth ETF,G,N,N,100,8.52
VONV,Vanguard Russell 1000 Value ETF,G,N,N,100,4.72
VOXX,VOXX International Corporation - Class A Common Stock,Q,N,N,100,7.75
VPCO,Vapor Corp. - Common Stock,S,N,N,100,8.86
VPCOU,Vapor Corp. - Unit,S,N,N,100,9.52
VRNT,Verint Systems Inc. - Common Stock,Q,N,N,100,6.28
VRTU,Virtusa Corporation - common stock,Q,N,N,100,9.42
VRTX,Vertex Pharmaceuticals Incorporated - Common Stock,Q,N,N,100,1.34
VSEC,VSE Corporation - Common Stock,Q,N,N,100,0.24
VTHR,Vanguard Russell 3000 ETF,G,N,N,100,7.34
VTIP,Vanguard Short-Term Inflation-Protected Securities Index Fund,G,N,N,100,0.32
VTVT,vTv Therapeutics Inc. - Class A Common Stock,G,N,N,100,3.97
VTWG,Vanguard Russell 2000 Growth ETF,G,N,N,100,7.98
VTWO,Vanguard Russell 2000 ETF,G,N,N,100,3.13
VTWV,Vanguard Russell 2000 Value ETF,G,N,N,100,1.69
VUSE,Vident Core US Equity ETF,G,N,N,100,6.8
VUZI,Vuzix Corporation - Common Stock,S,N,N,100,8.65
VWOB,Vanguard Emerging Markets Government Bond ETF,G,N,N,100,8
VWR,VWR Corporation - Common Stock,Q,N,N,100,0.87
VXDN,AccuShares Spot CBOE VIX Down Shares,G,N,N,100,9.83
VXUP,AccuShares Spot CBOE VIX Up Shares,G,N,N,100,2.06
VXUS,Vanguard Total International Stock ETF,G,N,N,100,8.93
WABC,Westamerica Bancorporation - Common Stock,Q,N,N,100,6.6
WATT,Energous Corporation - Common Stock,S,N,N,100,5.71
WAVX,Wave Systems Corp. - Class A Common Stock,S,N,D,100,3.21
WAYN,Wayne Savings Bancshares Inc. - Common Stock,G,N,N,100,7.98
WB,Weibo Corporation - American Depositary Share,Q,N,N,100,7.51
WBMD,WebMD Health Corp - Common Stock,Q,N,N,100,6.69
WDC,Western Digital Corporation - Common Stock,Q,N,N,100,5.42
WDFC,WD-40 Company - Common Stock,Q,N,N,100,9.28
WEN,Wendy's Company (The) - Common Stock,Q,N,N,100,2.15
WFBI,WashingtonFirst Bankshares Inc - Common Stock,S,N,N,100,1.75
WILN,Wi-LAN Inc - Common Shares,Q,N,N,100,6.03
WINA,Winmark Corporation - Common Stock,G,N,N,100,9.39
WING,Wingstop Inc. - Common Stock,Q,N,N,100,5.49
WIRE,Encore Wire Corporation - Common Stock,Q,N,N,100,7.09
WIX,Wix.com Ltd. - Ordinary Shares,Q,N,N,100,5.94
WLB,Westmoreland Coal Company - Common Stock,G,N,N,100,0.24
WLFC,Willis Lease Finance Corporation - Common Stock,G,N,N,100,3.73
WLRH,WL Ross Holding Corp. - Common Stock,S,N,D,100,8.13
WLRHU,WL Ross Holding Corp. - Unit,S,N,D,100,7.57
WLRHW,WL Ross Holding Corp. - Warrant,S,N,D,100,5.31
WOOD,iShares S&P Global Timber & Forestry Index Fund,G,N,N,100,0.41
WOOF,VCA Inc.  - Common Stock,Q,N,N,100,8.84
WOWO,Wowo Limited - ADS,G,N,N,100,4.7
WPCS,WPCS International Incorporated - Common Stock,S,N,N,100,6.81
WPPGY,WPP plc - American Depositary Shares each representing five Ordinary Shares,Q,N,N,100,8.04
WPRT,Westport Innovations Inc - Ordinary Shares,Q,N,N,100,6.74
WRLD,World Acceptance Corporation - Common Stock,Q,N,N,100,4.46
WSCI,WSI Industries Inc. - Common Stock,S,N,N,100,3.36
WSFS,WSFS Financial Corporation - Common Stock,Q,N,N,100,1.39
WSFSL,WSFS Financial Corporation - 6.25% Senior Notes Due 2019,Q,N,N,100,3.28
WSTC,West Corporation - Common Stock,Q,N,N,100,5.63
WTBA,West Bancorporation - Common Stock,Q,N,N,100,7.35
WTFC,Wintrust Financial Corporation - Common Stock,Q,N,N,100,5.89
WTFCW,Wintrust Financial Corporation - Warrants,Q,N,N,100,0.17
WVFC,WVS Financial Corp. - Common Stock,G,N,N,100,7.56
WYIGU,JM Global Holding Company - Units,S,N,N,100,5.87
XBIT,XBiotech Inc. - Common Stock,Q,N,N,100,8.4
XCRA,Xcerra Corporation - Common Stock,Q,N,N,100,4.84
XENE,Xenon Pharmaceuticals Inc. - Common Shares,G,N,N,100,6.55
XIV,Credit Suisse AG - VelocityShares Daily Inverse VIX Short Term ETN,G,N,N,100,4.67
XLNX,Xilinx Inc. - Common Stock,Q,N,N,100,7.5
XLRN,Acceleron Pharma Inc. - Common Stock,G,N,N,100,1.63
XNET,Xunlei Limited - American Depositary Receipts,Q,N,N,100,3.96
XOMA,XOMA Corporation - Common Stock,G,N,N,100,9.67
XONE,The ExOne Company - Common Stock,Q,N,N,100,5.44
XOOM,Xoom Corporation - Common Stock,Q,N,N,100,5.85
XPLR,Xplore Technologies Corp - Common Stock,S,N,N,100,4.64
XRAY,DENTSPLY International Inc. - Common Stock,Q,N,N,100,3.59
XTLB,XTL Biopharmaceuticals Ltd. - American Depositary Shares,S,N,N,100,6.14
XXIA,Ixia - Common Stock,Q,N,N,100,2.05
YDIV,First Trust International Multi-Asset Diversified Income Index Fund,G,N,N,100,6.67
YECO,Yulong Eco-Materials Limited - Ordinary Shares,S,N,N,100,6.97
YHOO,Yahoo! Inc. - Common Stock,Q,N,N,100,2.46
YLCO,Global X Yieldco Index ETF,G,N,N,100,4.15
YNDX,Yandex N.V. - Class A Ordinary Shares,Q,N,N,100,6.57
YORW,The York Water Company - Common Stock,Q,N,N,100,0.21
YPRO,AdvisorShares YieldPro ETF,G,N,N,100,6.91
YY,YY Inc. - American Depositary Shares,Q,N,N,100,5.41
ZAGG,ZAGG Inc - Common Stock,Q,N,N,100,2.22
ZAZA,ZaZa Energy Corporation - Common Stock,S,N,D,100,0.45
ZBIO,ProShares UltraPro Short NASDAQ Biotechnology,G,N,N,100,3.53
ZBRA,Zebra Technologies Corporation - Class A Common Stock,Q,N,N,100,9.34
ZINC,Horsehead Holding Corp. - Common Stock,Q,N,N,100,9.46
ZION,Zions Bancorporation - Common Stock,Q,N,N,100,9.76
ZIONW,Zions Bancorporation - Warrants 05/21/2020,Q,N,N,100,1.42
ZIONZ,Zions Bancorporation - Warrants,Q,N,N,100,6.75
ZIOP,ZIOPHARM Oncology Inc - Common Stock,S,N,N,100,0.38
ZIV,Credit Suisse AG - VelocityShares Daily Inverse VIX Medium Term ETN,G,N,N,100,4.87
ZIXI,Zix Corporation - Common Stock,Q,N,N,100,3.68
ZJZZT,NASDAQ TEST STOCK,Q,Y,N,100,9.08
ZN,Zion Oil & Gas Inc - Common Stock,G,N,N,100,8.3
ZNGA,Zynga Inc. - Class A Common Stock,Q,N,N,100,9.72
ZNWAA,Zion Oil & Gas Inc - Warrants,G,N,N,100,8.11
ZSAN,Zosano Pharma Corporation - Common Stock,S,N,N,100,1.12
ZUMZ,Zumiez Inc. - Common Stock,Q,N,N,100,3.55
ZVZZT,NASDAQ TEST STOCK,G,Y,N,100,9.45
ZWZZT,NASDAQ TEST STOCK,S,Y,N,100,3.61
ZXYZ.A,Nasdaq Symbology Test Common Stock,Q,Y,N,100,8.53
ZXZZT,NASDAQ TEST STOCK,G,Y,N,100,0.04
